Nr.,Province,Town,Name of climb,AVG,SUP,MAX,HEI,DIS,PNT,RANK,T,PAVE,Equal%,#climbs,#kmClimbs
1,Hainaut,Acoz,Chemin de Lausprelles,7.0,10,11,63,900,68,928,,,,140.44,126.40
2,Namur,Agimont,Bois de Wagne,11.8,22,30,124,1050,317,7,,,,71.35,74.92
3,Hainaut,Aiseau,Côte d'Oignies,4.3,9,10,94,2200,77,881,,,,94.13,207.08
4,Namur,Aisemont,Spinette,10.0,16,19,60,600,140,379,,,,147.47,88.48
5,Namur,Alle,Côte d'Alle,3.6,6,6,180,4000,112,600,,,x,49.16,196.62
6,Namur,Alle,Côte du Sacre Coeur,11.5,13,16,126,1100,203,111,x,,,70.22,77.24
7,Vl-Br,Alsemberg,Alsemberg,4.0,9,10,48,1200,53,980,,,,184.33,221.20
8,Liege,Amay,Côte de Chavoie,9.5,19,22,62,650,146,335,,,,142.71,92.76
9,Liege,Amay,Rue Elmai,8.6,18,25,77,900,144,352,,,,114.91,103.42
10,Liege,Amay,Hodinfosse,8.8,12,15,97,1100,136,404,,,,91.22,100.34
11,Liege,Amay,Côte des Larrons,12.2,18,20,79,650,166,233,,,,112.00,72.80
12,Liege,Amay,Les Mirlondaines,7.5,16,18,83,1100,143,359,,,,106.60,117.26
13,Liege,Amay,Mur d'Amay,7.4,13,18,111,1500,140,380,,,,79.71,119.57
14,Liege,Amay,Thier Philippart,10.3,13,14,72,700,114,575,x,,,122.89,86.02
15,Liege,Amay,Côte de Viamont,8.4,11,14,117,1400,152,308,,,,75.62,105.87
16,Luxemburg,Amonines,Côte d'Amonines,5.4,10,12,107,2000,107,640,,,,82.69,165.38
17,Liege,Ampsin,Bois de Cheneu,13.5,15,17,88,650,178,184,,,,100.55,65.35
18,Liege,Ampsin,Rue du Cimitière,7.8,10,11,93,1200,109,621,,,,95.14,114.17
19,Liege,Ampsin,Le Sartage,9.4,11,13,80,850,113,590,,,,110.60,94.01
20,Liege,Ampsin,Côte de la Seigneurie,9.3,16,20,107,1150,176,191,,,,82.69,95.10
21,Namur,Andenne,Côte d'Anton,6.5,13,13,91,1400,124,511,,,,97.23,136.12
22,Namur,Andenne,Côte de Bousalle,9.0,16,20,81,900,133,435,,,,109.23,98.31
23,Namur,Andenne,La Flime,5.6,12,13,135,2400,144,353,,,,65.54,157.30
24,Namur,Andenne,Côte de Groynne,5.9,12,13,160,2700,162,254,,,,55.30,149.31
25,Namur,Andenne,Peu d'Eau,5.2,0,11,140,2700,131,452,,,,63.20,170.64
26,Namur,Andenne,Côte de Stud,6.9,15,17,138,2000,214,92,,,,64.12,128.23
27,Liege,Andrimont,Côte d'Andrimont,5.8,11,11,104,1800,105,665,,,,85.08,153.14
28,Liege,Andrimont,La Rampe de Renouppe,7.7,16,19,131,1700,170,216,,(x),,67.54,114.82
29,Liege,Angleur,Côte de Colonster,5.9,8,9,171,2900,148,326,,,x,51.74,150.05
30,Liege,Angleur,La Heid de Mael I,8.3,16,23,166,2000,288,18,,,,53.30,106.60
31,Liege,Angleur,La Heid de Mael II,6.2,16,18,168,2700,242,49,,,,52.67,142.20
32,Namur,Anhée,Ferme de Grange,7.5,16,17,127,1700,186,149,x,,,69.67,118.44
33,Namur,Anhée,Côte de Heneumont,8.2,16,20,90,1100,135,417,x,,,98.31,108.14
34,Luxemburg,Anlier,Côte de la Chapelle Piérard,5.3,8,9,85,1600,69,922,,,,104.09,166.55
35,Luxemburg,Anlier,Côte du la Croix du Canard,7.4,10,13,52,700,66,938,,,,170.15,119.11
36,Luxemburg,Anlier,Côte de Martelange,4.7,10,11,140,3000,125,502,,,,63.20,189.60
37,Luxemburg,Anlier,Côte de Misbourg,5.4,10,11,59,1100,61,948,,,,149.97,164.96
38,Namur,Annevoie-Rouillon,Col du Marly,5.6,8,10,112,2000,97,732,,,,79.00,158.00
39,Liege,Anthisnes,Côte d'Hestreu,5.1,12,14,117,2300,137,400,,,,75.62,173.94
40,Hainaut,Anvaing,La Tailette,7.0,11,13,42,600,53,981,,,,210.67,126.40
41,West-Vl,Anzegem,Holstraat,5.2,10,12,52,1000,49,988,,,,170.15,170.15
42,Namur,Arbre,Côte de Besinne,4.9,11,12,108,2200,106,652,,x,,81.93,180.24
43,Namur,Arbre,Le Stampia,7.3,17,25,117,1600,186,150,,x,,75.62,121.00
44,Liege,Argenteau,Cote de Sarolay,9.8,12,13,78,800,114,576,,,,113.44,90.75
45,Luxemburg,Arlon,Hirzenberg,4.6,9,9,128,2800,101,703,,,,69.13,193.55
46,Luxemburg,Arlon,Côte de Petite Gaichel,4.4,8,8,119,2700,84,835,,,,74.35,200.75
47,Namur,Arsimont,Haut-Baty,5.9,10,11,71,1200,76,885,,,,124.62,149.54
48,Luxemburg,Arville,Côte Bois du Ri Bellerose,4.7,6,7,226,4800,149,325,,,x,39.15,187.92
49,Namur,Assesse,Côte du Cahoti,7.4,12,13,52,700,71,905,,,,170.15,119.11
50,Luxemburg,Athus,Côte du Bois d'Athus,4.8,11,11,111,2300,110,615,x,,,79.71,183.34
51,Luxemburg,Auby-sur-Semois,Chemin de la Cornette,6.3,9,9,116,1850,106,653,,,,76.28,141.11
52,Luxemburg,Auby-sur-Semois,Côte de Cugnon,4.9,12,13,172,3500,191,138,,,,51.44,180.05
53,Luxemburg,Auby-sur-Semois,Côte du Maka,6.8,11,12,176,2600,200,120,,,,50.27,130.71
54,Namur,Auvelais,Le Rominet,4.2,10,10,88,2100,107,641,,x,,100.55,211.15
55,Luxemburg,Awenne,Côte d'Awenne-Est,5.5,10,11,109,2000,107,642,,,,81.17,162.35
56,Luxemburg,Awenne,Côte d'Awenne-Ouest,5.3,12,14,127,2400,140,381,,,,69.67,167.21
57,Liege,Awirs,Bois des Moines,9.4,16,17,75,800,127,491,,,,117.97,94.38
58,Liege,Awirs,En Cowa,5.9,11,12,88,1500,104,676,,,,100.55,150.82
59,Liege,Awirs,Côte des Nonnes,9.0,18,20,81,900,151,313,,,,109.23,98.31
60,Liege,Awirs,Côte de la Reine,9.0,16,18,90,1000,143,360,,,,98.31,98.31
61,Liege,Awirs,Rue Téwée,11.5,21,23,75,650,168,222,x,,,117.97,76.68
62,Liege,Aywaille,Chambralles,9.5,16,20,147,1550,230,60,,,,60.19,93.30
63,Liege,Aywaille,Côte de Kin,5.0,11,11,205,4100,176,192,,,,43.16,176.96
64,Liege,Aywaille,Côte de Niaster,7.7,11,15,139,1800,153,301,,,,63.65,114.58
65,Liege,Aywaille,Côte de Septroux,5.3,12,15,142,2700,182,169,,,,62.31,168.24
66,Hainaut,Baileux,Côte de la Gate,5.0,8,9,60,1200,49,989,,,,147.47,176.96
67,Hainaut,Baileux,Grand Route de Rocroi,6.0,8,9,60,1000,53,982,,,,147.47,147.47
68,Luxemburg,Barvaux,Côte Saint-Antoine,8.5,16,19,93,1100,139,385,,,,95.14,104.65
69,Liege,Basse-Bodeux,L'Ancienne Barrière,4.7,5,6,226,4800,139,386,,,x,39.15,187.92
70,Liege,Basse-Bodeux,Côte de Haut-Bodeux,4.9,15,18,161,3300,188,144,,,,54.96,181.36
71,Liege,Basse-Bodeux,La Levée,5.4,11,14,265,4900,218,80,,,,33.39,163.60
72,Liege,Basse-Bodeux,Les Monts,6.8,10,11,112,1650,112,601,,,,79.00,130.35
73,Liege,Bas-Oha,Rue Basse-Voie,9.4,18,22,47,500,97,733,,,,188.26,94.13
74,Liege,Bas-Oha,La Rampe d'Oha,12.3,17,19,49,400,110,616,,,,180.57,72.23
75,Liege,Battice,Le Fays de José,6.3,9,11,75,1200,77,882,,,,117.97,141.57
76,Luxemburg,Beausaint,Côte de Beausaint,5.1,8,9,152,3100,114,577,,,x,58.21,180.45
77,Luxemburg,Beausaint,Vieille Route de Beausaint,8.3,13,18,157,1900,214,93,,,,56.36,107.08
78,Namur,Beez,Rue de la Pompe,9.6,16,22,67,700,135,418,,,,132.06,92.44
79,Luxemburg,Beffe,Côte de Beffe,10.3,13,14,144,1400,207,104,,,,61.44,86.02
80,Vl-Br,Bekkevoort,Wijndries,8.0,12,14,32,400,53,983,,,,276.50,110.60
81,Namur,Belgrade,Rue Nélis,6.1,19,24,55,900,114,578,,x,,160.87,144.79
82,Liege,Bellaire,La Voie des Prés,9.7,14,16,68,700,108,630,,,,130.12,91.08
83,Liege,Bellevaux-Ligneuville,Côte de Ligneuville,10.5,13,14,110,1050,165,241,,,,80.44,84.46
84,Liege,Ben-Ahin,Côte de Ben-Ahin,6.0,10,11,149,2500,146,336,,,,59.38,148.46
85,Liege,Ben-Ahin,Côte de Gives,6.0,8,9,114,1900,101,704,,,x,77.61,147.47
86,Liege,Ben-Ahin,Les Ruelles,8.1,21,25,138,1700,241,51,,,,64.12,109.00
87,Liege,Ben-Ahin,Côte Saint-Léonard,7.6,14,16,144,1900,213,94,,(x),,61.44,116.74
88,Liege,Ben-Ahin,Côte de Solières,4.3,8,9,103,2400,93,765,,,,85.90,206.17
89,Hainaut,Bersillies-L'Abbaye,Rue de Cousolre,5.9,10,12,56,950,61,949,,,,158.00,150.10
90,Vl-Br,Bertem,Schapenheide,5.1,9,12,36,700,44,996,,x,,245.78,172.04
91,Luxemburg,Bertrix,Chêne Fleurette,6.3,12,13,138,2200,150,321,,,,64.12,141.06
92,Luxemburg,Bertrix,Côte de la Forêt,6.1,10,14,104,1700,121,535,,,,85.08,144.63
93,Luxemburg,Bertrix,La Goutelle des Morceaux,6.0,17,20,132,2200,169,219,,,,67.03,147.47
94,Luxemburg,Bertrix,La Goutelle du Wé,6.6,11,12,152,2300,157,275,,,,58.21,133.88
95,Liege,Bévercé,Ferme Libert,12.3,18,20,154,1250,311,9,,,,57.45,71.82
96,Liege,Bévercé,Côte de Lamonriville,4.9,9,9,194,4000,185,155,,,,45.61,182.43
97,Liege,Bévercé,Côte de Meiz,7.0,10,11,130,1850,139,387,,,,68.06,125.91
98,Liege,Bévercé,Côte d'Otaimont,7.9,12,13,134,1700,159,265,x,,,66.03,112.25
99,Liege,Bévercé,Côte de Ronxhi,5.5,10,14,183,3300,185,156,,,,48.35,159.55
100,Liege,Bévercé,Tros Marets,5.2,14,16,182,3500,184,162,,,,48.62,170.15
101,Namur,Biesme,Côte de l'Étang-Vivier,9.6,13,16,67,700,98,728,,,,132.06,92.44
102,Brabant wallon,Biez,Le Boyau de Biez,6.1,12,14,43,700,89,795,,x,,205.77,144.04
103,Luxemburg,Bihain,Côte de Fraiture,7.8,12,16,66,850,87,807,,,,134.06,113.95
104,Limburg,Bilzen,Katteberg,7.0,11,12,35,500,49,990,,,,252.80,126.40
105,Hainaut,Binche,La Fontaine de la Jouvence,3.5,13,16,70,2000,75,890,,,,126.40,252.80
106,Namur,Bioul,Côte de Bioul,5.2,8,9,160,3100,139,388,,,,55.30,171.43
107,Namur,Bioul,Mossiat,4.8,16,25,159,3300,212,99,,x,,55.65,183.64
108,Namur,Bioul,Côte de Warnant,7.0,11,12,112,1600,135,419,,,,79.00,126.40
109,Namur,Blaimont,Côte des Quatre Chemins,6.7,8,10,141,2100,134,427,,,,62.75,131.78
110,Liege,Boirs,Thier Bégot,6.5,9,9,72,1100,73,899,,,,122.89,135.18
111,Namur,Bois-de-Villers,Col de la Charlerie,3.7,6,7,141,3700,96,740,,,,62.75,232.18
112,Namur,Bois-de-Villers,Tienne Hinraut,4.9,12,14,176,3600,144,354,,,,50.27,180.98
113,Liege,Bolland,Côte de Noblehaye,4.8,10,12,95,2000,84,836,,,,93.14,186.27
114,Liege,Bolland,Thier Fouarge,11.2,15,17,67,600,134,428,,,,132.06,79.24
115,Liege,Boncelles,Côte Boncelles,5.0,6,8,191,3800,130,464,,,x,46.32,176.03
116,Liege,Boncelles,Côte de Cornillon,4.9,8,9,173,3500,136,405,,,,51.14,179.01
117,Luxemburg,Bonnert,Côte de Bonnert,5.5,11,12,77,1400,93,766,,,,114.91,160.87
118,Namur,Bonneville,Route des Trois Frères,5.7,15,17,102,1800,146,337,,,,86.75,156.14
119,Limburg,Borgloon,De Burchtheuvel,4.8,18,22,41,850,67,933,,,,215.80,183.43
120,Luxemburg,Borlon,Côte de Borlon,5.9,13,16,65,1100,102,690,,,,136.12,149.74
121,Namur,Bossière,Le Maultienne,3.8,13,15,53,1400,79,866,,,,166.94,233.72
122,Hainaut,Bouffioulx,Côte de Chamborgneau,4.4,11,13,61,1400,118,552,,(x),,145.05,203.07
123,Hainaut,Bouffioulx,Côte du Hameau Saint-Blaise,6.9,13,16,55,800,80,857,,,,160.87,128.70
124,Namur,Bouge,Rue de Balart,10.6,14,14,85,800,136,406,,,,104.09,83.28
125,Namur,Bouge,Rue de Coquelet,7.5,13,14,82,1100,112,602,,,,107.90,118.69
126,Luxemburg,Bouillon,Route du Christ,8.0,15,20,112,1400,172,203,,,,79.00,110.60
127,Luxemburg,Bouillon,La Ramonette,9.4,13,15,113,1200,178,185,x,,,78.30,93.96
128,Luxemburg,Bouillon,Vieille Route de France,8.0,12,13,207,2600,268,33,,,,42.74,111.13
129,Luxemburg,Bouillon,La Voie Jocquée,10.7,12,13,107,1000,161,258,,,,82.69,82.69
130,Hainaut,Bourlers,Côte de la Trappe,4.8,7,8,58,1200,44,997,,,,152.55,183.06
131,Namur,Bourseigne-Neuve,Côte de Bourseigne,5.3,7,8,206,3900,147,330,,,x,42.95,167.51
132,Hainaut,Boussu,Les Quatre Pavés,8.5,12,13,34,400,54,977,,,,260.24,104.09
133,Namur,Bouvignes-sur-Meuse,Côte de Meez,7.1,14,15,128,1800,161,259,,,,69.13,124.43
134,Liege,Bra,Thier du Mont,5.2,15,18,131,2500,134,429,,,,67.54,168.85
135,Brabant wallon,Braine-le-Château,Rue Drabe,11.1,14,17,49,450,94,755,,(x),,180.57,81.26
136,Brabant wallon,Braine-le-Château,Côte de la Grande Bruyère,5.3,13,15,63,1200,90,789,,(x),,140.44,168.53
137,Brabant wallon,Braine-le-Château,La Sablière,10.9,15,17,52,475,97,734,,,,170.15,80.82
138,Brabant wallon,Braine-le-Château,Côte de Sainte-Croix,7.4,14,16,52,700,114,579,,(x),,170.15,119.11
139,Hainaut,Braine-le-Comte,Les Gaudys,4.6,11,13,97,2100,101,705,,,,91.22,191.55
140,Luxemburg,Bras,Tier du Mont,4.6,9,11,91,2000,85,823,,,,97.23,194.46
141,Namur,Brûly,Côte de la Prise,3.6,11,12,91,2500,93,767,,,,97.23,243.08
142,Hainaut,Buissenal,Le Saule Pendu,5.4,9,10,67,1250,93,768,,x,,132.06,165.07
143,Vl-Br,Buizingen,Kesterbeekbos,7.9,12,13,63,800,79,867,,,,140.44,112.36
144,Liege,Büllingen,Steigung von Moderscheid,3.7,12,13,148,4000,126,498,,,,59.78,239.14
145,Luxemburg,Bure,Côte de la Croix-Renkin,5.2,12,13,115,2200,104,677,,,,76.94,169.27
146,Hainaut,Carnières,Fonds des Maçons,7.1,17,20,64,900,108,631,,,,138.25,124.43
147,Hainaut,Carnières,Les Grands Trieux,5.9,14,16,65,1100,102,691,,x,,136.12,149.74
148,Namur,Celles,Le Grand Virage,6.5,8,8,110,1700,100,715,,,x,80.44,136.74
149,Namur,Celles,Malavisée,8.4,14,16,92,1100,132,441,,,,96.17,105.79
150,Namur,Celles,Plantis du Vivroule,4.6,6,6,116,2500,74,896,,,x,76.28,190.69
151,Namur,Cerfontaine,Côte du Bois de Cerfontaine,5.9,9,10,86,1450,80,858,,,,102.88,149.18
152,Brabant wallon,Ceroux-Mousty,Côte de Ferrières,8.2,16,19,41,500,86,819,,,,215.80,107.90
153,Luxemburg,Chanly,Les Cougis,7.1,10,11,127,1800,151,314,x,,,69.67,125.40
154,Liege,Charneux,Côte de Bouxhmont,4.3,10,12,100,2300,87,808,,,,88.48,203.50
155,Liege,Charneux,Côte de Charneux,3.6,10,11,193,2600,107,643,,,,45.84,119.20
156,Hainaut,Châtelineau,Côte de Pironchamps,5.1,11,13,86,1700,105,666,,(x),,102.88,174.90
157,Liege,Chaudfontaine,Côte de la Casmatrie,5.8,10,11,145,2500,131,453,,,,61.02,152.55
158,Liege,Chaudfontaine,Fond des Cris,7.5,10,10,142,1900,150,322,,,x,62.31,118.39
159,Liege,Chaudfontaine,Chemin de la Lemmetrie,6.6,15,19,145,2200,194,130,,,,61.02,134.25
160,Liege,Chaudfontaine,La Voie des Chars,10.4,16,22,141,1350,244,47,,,,62.75,84.71
161,Liege,Chenée,Rue des Courteaux,15.0,19,20,45,300,133,436,,x,,196.62,58.99
162,Liege,Chenée,Côte de Gaillarmont,5.2,10,10,124,2400,111,609,,,,71.35,171.25
163,Liege,Chenée,Aux Pieds Roux,8.1,12,13,100,1300,151,315,,x,,88.48,115.02
164,Liege,Cheratte,La Vieille Voie,7.8,15,18,93,1200,158,271,,,,95.14,114.17
165,Liege,Chevron,Côte de Bierleux-Bas,8.6,15,15,120,1400,169,220,,,,73.73,103.23
166,Liege,Chevron,Côte de Bierleux-Haut,10.1,16,18,126,1250,200,121,,,,70.22,87.78
167,Liege,Chevron,Les Forges-Chevron,11.1,18,21,83,750,183,166,,,,106.60,79.95
168,Liege,Chevron,Habiemont,5.9,15,18,135,2300,184,163,,,,65.54,150.74
169,Liege,Chevron,Côte d'Oufny,5.6,13,14,146,2600,175,197,,,,60.60,157.57
170,Luxemburg,Chiny,Côte du Petit-Liry,9.8,17,20,59,600,103,684,,,,149.97,89.98
171,Luxemburg,Chiny,Côte du Terme,9.1,11,12,82,900,110,617,,,,107.90,97.11
172,Brabant wallon,Clabecq,Côte de Rogissart,4.2,12,12,75,1800,89,796,,(x),,117.97,212.35
173,Liege,Clermont-sous-Huy,Aux Houx,5.9,7,8,147,2500,118,553,,,x,60.19,150.48
174,Liege,Clermont-sous-Huy,Côte de Niharmont,5.2,7,8,129,2500,93,769,,,x,68.59,171.47
175,Liege,Clermont-sous-Huy,Sart Malmy,9.1,15,17,136,1500,185,157,,,,65.06,97.59
176,Liege,Comblain-au-Pont,Côte de Fraiture,5.2,10,10,136,2600,113,591,,,,65.06,169.15
177,Liege,Comblain-au-Pont,Geromont I,7.1,10,10,117,1650,124,512,,,,75.62,124.78
178,Liege,Comblain-au-Pont,Geromont II,8.9,14,16,125,1400,166,234,,,,70.78,99.10
179,Liege,Comblain-au-Pont,Côte d'Oneux,6.4,12,13,179,2800,172,204,,,,49.43,138.40
180,Liege,Comblain-Fairon,Au-delà les Monts,7.2,12,14,115,1600,139,389,,,,76.94,123.10
181,Liege,Comblain-Fairon,Rue Vieille Chera,8.2,10,13,119,1450,139,390,x,,,74.35,107.81
182,Luxemburg,Corbion,Côte de Corbion-Nord-Ouest,4.4,13,16,228,5200,180,176,,,,38.81,201.80
183,Hainaut,Couillet,La Rue Villers,5.7,10,11,80,1400,97,735,,(x),,110.60,154.84
184,Namur,Courrière,Taille du Vivier,3.7,8,10,161,4400,128,484,,,,54.96,241.81
185,Brabant wallon,Court-Saint-Etienne,Côte de la Ferme de Sart,4.8,10,13,62,1300,62,946,,,,142.71,185.52
186,Brabant wallon,Court-Saint-Etienne,Côte de Noirhat,5.9,11,12,53,900,79,868,,(x),,166.94,150.25
187,Brabant wallon,Court-Saint-Etienne,La Roche Sainte-Catherine,8.7,13,20,52,600,81,847,,,,170.15,102.09
188,Liege,Couthuin,Fonds des Malades,5.2,14,18,140,2700,125,503,,,,63.20,170.64
189,Namur,Coutisse,Vieux-Tave,7.3,14,16,88,1200,138,395,,,,100.55,120.65
190,Namur,Couvin,Le Chalet Courthéoux,11.5,18,25,86,750,168,223,,,,102.88,77.16
191,Namur,Couvin,Côte de la Sapinière,6.2,9,10,136,2200,135,420,,,,65.06,143.13
192,Namur,Couvin,Le Tienne de Boussu,10.9,14,17,38,350,81,848,,,,232.84,81.49
193,Namur,Couvin,Le Tienne du Palyjat,6.4,15,19,45,700,74,897,,,,196.62,137.64
194,Namur,Crupet,Côte d'Inzefy,9.7,12,15,68,700,106,654,,,,130.12,91.08
195,Namur,Crupet,Col de Ronchinne,3.7,7,8,146,4000,99,725,,,x,60.60,242.41
196,Namur,Crupet,Sur le Tienne,7.8,14,17,101,1300,167,225,x,,,87.60,113.89
197,Luxemburg,Cugnon,Côte des Minières,4.6,15,18,162,3500,186,151,,,,54.62,191.16
198,Luxemburg,Cugnon,Le Ton'Haye,7.0,15,18,80,1150,129,476,x,x,,110.60,127.19
199,Namur,Custinne,Côte de Custinne,5.1,6,8,96,1900,67,934,,,x,92.17,175.12
200,Namur,Custinne,Petit Thierfalise,5.1,8,9,113,2200,96,741,,,,78.30,172.26
201,Luxemburg,Dampicourt,Côte de la Guingette,8.9,16,17,93,1050,156,286,x,,,95.14,99.90
202,Luxemburg,Dampicourt,Côte de Montquintin-Nord,6.3,11,11,94,1500,121,536,,,,94.13,141.19
203,Luxemburg,Dampicourt,Côte de Montquintin-Nord-Est,7.2,15,18,122,1700,187,147,,,,72.52,123.29
204,Luxemburg,Dampicourt,Côte de Montquintin-Sud,6.0,16,18,119,2000,179,180,,,,74.35,148.71
205,Luxemburg,Dampicourt,Côte de Montquintin-Sud-Est,7.4,16,20,118,1600,164,245,,,,74.98,119.97
206,Luxemburg,Daverdisse,Côte de Daverdisse,6.5,11,12,137,2100,145,347,,,,64.58,135.63
207,Namur,Dinant,Côte d'Anseremme,5.0,6,6,116,2300,78,877,,,x,76.28,175.43
208,Namur,Dinant,Charrau de Neffe,7.3,11,13,109,1500,136,407,,,,81.17,121.76
209,Namur,Dinant,Charreau de Bonsecours,8.1,13,14,121,1500,164,246,,,,73.12,109.69
210,Namur,Dinant,Le Charreau de Dréhance,4.8,8,12,188,3900,176,193,,,,47.06,183.55
211,Namur,Dinant,Ferme d'En Haut,6.7,10,10,100,1500,123,524,,(x),,88.48,132.72
212,Namur,Dinant,Côte de Froide Vau,4.6,9,10,192,4200,153,302,,,,46.08,193.55
213,Namur,Dinant,Montagne de la Croix,9.9,21,23,149,1500,300,14,,,,59.38,89.07
214,Namur,Dinant,Rapaille,5.5,19,24,153,2800,212,100,,(x),,57.83,161.92
215,Namur,Dinant,Côte Saint-Jacques,5.8,8,10,146,2500,117,560,,,,60.60,151.51
216,Brabant wallon,Dion-le-Mont,Taille Thérèse,6.0,15,21,54,900,76,886,,,,163.85,147.47
217,Liege,Dison,La Haute Saurée,8.7,15,16,61,700,102,692,,,,145.05,101.53
218,Liege,Dison,Le Mont,7.9,14,16,79,1000,130,465,,,,112.00,112.00
219,Liege,Dison,Montagne de l'Invasion,12.7,16,18,76,600,151,316,,,,116.42,69.85
220,Liege,Dison,Rue Tapeu,9.4,16,20,75,800,125,504,,,,117.97,94.38
221,Liege,Dison,Val Fassotte,7.6,17,21,114,1500,167,226,,,,77.61,116.42
222,Luxemburg,Dochamps,Côte de Dochamps-Nord,4.7,14,16,211,4500,166,235,,,,41.93,188.70
223,Luxemburg,Dochamps,Côte de Dochamps-Ouest,3.9,8,10,312,8000,258,42,,,,28.36,226.87
224,Luxemburg,Dochamps,Côte de Lamormenil,3.7,8,10,216,5900,137,401,,,,40.96,241.68
225,Luxemburg,Dohan,Côte de Dohan,7.1,10,11,164,2300,178,186,,,,53.95,124.09
226,Liege,Dolembreux,Côte de Dolembreux,4.7,7,8,175,3700,124,513,,,x,50.56,187.07
227,Namur,Dorinne,Sud Chansin,9.8,12,13,117,1200,169,221,,,,75.62,90.75
228,Luxemburg,Durbuy,Mur de Durbuy,8.2,12,12,70,850,95,749,,,,126.40,107.44
229,Namur,Durnal,Nord Chansin,6.0,11,14,127,2100,131,454,,,,69.67,146.31
230,Namur,Durnal,Côte de Durnal,5.4,10,11,124,2300,136,408,,,,71.35,164.12
231,Namur,Durnal,Li Voye des Monnis,4.6,9,10,124,2700,120,543,,,,71.35,192.66
232,Vl-Br,Dworp,Beerselstraat,5.7,10,11,57,1000,94,756,,x,,155.23,155.23
233,Vl-Br,Dworp,Bruine Put,8.3,11,14,66,800,90,790,,,,134.06,107.25
234,Luxemburg,Ebly,Mont de Vaux,4.7,9,10,75,1600,63,944,,,,117.97,188.76
235,Hainaut,Ellezelles,Mont d'Ellezelles-Sud,4.6,7,10,79,1700,58,963,,,x,112.00,190.40
236,Hainaut,Ellezelles,Côte du Paradis,5.2,10,11,78,1500,69,923,,,,113.44,170.15
237,Liege,Embourg,Le Sartay,6.4,12,15,115,1800,128,485,,,,76.94,138.49
238,Liege,Embourg,Thier des Critchons,7.7,13,14,116,1500,152,309,,,,76.28,114.41
239,Liege,Engis,Les Fagnes,6.0,8,8,81,1350,73,900,,,x,109.23,147.47
240,Liege,Engis,Rue Reine Astrid,5.0,8,9,93,1850,81,849,,,,95.14,176.01
241,Liege,Engis,Thier Oulet,9.4,19,22,80,850,176,194,,,,110.60,94.01
242,Liege,Engis,Le Trokay,13.7,20,29,65,475,167,227,,,,136.12,64.66
243,Liege,Ensival,Chemin du Haras,6.6,13,14,152,2300,193,132,,(x),,58.21,133.88
244,Luxemburg,Erezée,Thier des Hazeilles,5.0,15,22,126,2500,167,228,,,,70.22,175.56
245,Liege,Esneux,Côte d'Avionpuits,6.6,10,10,138,2100,125,505,,,x,64.12,134.64
246,Liege,Esneux,Côte d'Avister,10.8,13,16,140,1300,216,87,,,,63.20,82.16
247,Liege,Esneux,Le Mur de Strivay,7.2,12,13,86,1200,112,603,,,,102.88,123.46
248,Liege,Esneux,Rond Chêne,6.4,12,12,135,2100,146,338,x,,,65.54,137.64
249,Luxemburg,Etalle,Côte de l'Eau Rouge,4.3,7,8,91,2100,249,44,,,,97.23,204.18
250,Oost-Vl,Etikhove,Taaienberg,7.1,16,18,57,800,131,455,,x,,155.23,124.18
251,Liege,Eupen,Brandberg,3.8,6,6,180,4800,104,678,,,x,49.16,235.95
252,Liege,Eupen,Spitzberg,4.0,8,9,174,4300,114,580,,,x,50.85,218.66
253,Namur,Evelette,Les Chavées,6.6,12,16,66,1000,75,891,,,,134.06,134.06
254,Namur,Evelette,Côte de Libois,4.7,10,12,66,1400,65,940,,,,134.06,187.68
255,Namur,Falaën,Charrau d'Hayettes,11.5,14,17,69,600,120,544,,,,128.23,76.94
256,Namur,Falaën,Côte de Foy,6.4,13,18,90,1400,112,604,,,,98.31,137.64
257,Namur,Falaën,Côte de Sosoye,5.9,10,11,118,2000,132,442,x,,,74.98,149.97
258,Namur,Falisolle,Rue de la Montagne,6.1,12,13,76,1250,108,632,,,,116.42,145.53
259,Namur,Falmignoul,Côte Marie-Thérèse,5.7,9,9,85,1500,79,869,,,,104.09,156.14
260,Hainaut,Farciennes,Rue du Petit-Try,11.3,17,19,68,600,142,365,,(x),,130.12,78.07
261,Namur,Faulx-les-Tombes,Trou Renard,6.4,18,22,89,1400,130,466,,,,99.42,139.18
262,Luxemburg,Fauvillers,Côte de Hotte,6.1,9,11,92,1500,92,777,,,,96.17,144.26
263,Namur,Felenne,Route des Ardennes,5.3,7,8,169,3200,131,456,,,x,52.36,167.54
264,Namur,Felenne,Côte du Moulin d'Olenne,4.0,6,8,215,5400,147,331,,,,41.15,222.23
265,Liege,Ferrières,La Fagnoul,6.5,11,14,120,1850,136,409,,,,73.73,136.41
266,Liege,Ferrières,Côte St-Roch,6.3,10,10,116,1850,114,581,,,,76.28,141.11
267,Liege,Ferrières,Le Trou,9.1,12,13,127,1400,167,229,,,,69.67,97.54
268,Liege,Ferrières,Vieux Thier,6.1,19,22,135,2200,206,106,,,,65.54,144.19
269,Liege,Filot,Côte de Filot,4.7,6,6,180,3800,112,605,,,x,49.16,186.79
270,Luxemburg,Flamierge,Le Stockai,5.0,8,10,150,3000,110,618,,,x,58.99,176.96
271,Namur,Flawinne,La Flache,4.8,12,15,101,2100,105,667,,x,,87.60,183.97
272,Namur,Flawinne,Le Fond Barbette,8.4,17,19,67,800,104,679,,,,132.06,105.65
273,Namur,Flawinne,Tienne Pouille,7.3,12,17,87,1200,121,537,,x,,101.70,122.04
274,Namur,Flawinne,Tienne Stassin,5.4,17,21,107,2000,199,124,,,,82.69,165.38
275,Namur,Flawinne,Sente de la Traverse,14.3,25,27,86,600,221,73,,,,102.88,61.73
276,Liege,Flémalle-Grande,Côte du Bois Donnay,12.3,18,20,86,700,178,187,,,,102.88,72.02
277,Liege,Flémalle-Haute,Chemin du Baimont,8.0,15,17,120,1500,175,198,,,,73.73,110.60
278,Liege,Flémalle-Haute,Côte de Chokier,7.1,9,11,106,1500,113,592,,,,83.47,125.21
279,Liege,Flémalle-Haute,Côte du Fort,11.7,21,22,88,750,223,68,x,x,,100.55,75.41
280,Liege,Flémalle-Haute,Chemin de Goiha,20.0,22,30,45,225,185,158,x,,,196.62,44.24
281,Liege,Flémalle-Haute,Thier des Trixhes,7.5,12,13,101,1350,123,525,,,,87.60,118.27
282,Liege,Fléron,Côte de Fléron,5.7,8,8,113,2000,94,757,,,x,78.30,156.60
283,Liege,Fléron,Heids des Chênes,8.2,18,21,98,1200,177,189,,,,90.29,108.34
284,Hainaut,Flobecq,Côte du Bois de la Houppe,3.3,8,10,93,2800,75,892,,,,95.14,266.39
285,Hainaut,Flobecq,Hurdumont,9.5,16,18,57,600,106,655,,,,155.23,93.14
286,Hainaut,Flobecq,Les Plachettes,7.3,12,15,80,1100,106,656,,,,110.60,121.66
287,Liege,Flône,Côte de la Kérité,9.2,14,16,101,1100,144,355,,,,87.60,96.36
288,Namur,Floreffe,Côte de la Haute-Marlagne,3.7,6,6,139,4000,74,898,,,x,63.65,254.62
289,Namur,Floreffe,Ferme de Robionoy,5.6,12,13,101,1800,124,514,,,,87.60,157.69
290,Namur,Floreffe,Côte de Sovimont,9.2,12,14,78,850,114,582,,,,113.44,96.42
291,Namur,Floreffe,Tienne Jean-Pierre,5.2,16,22,78,1500,126,499,,,,113.44,170.15
292,Namur,Floreffe,Tienne Saint-Roch,8.2,16,21,98,1200,163,249,,,,90.29,108.34
293,Luxemburg,Florenville,La Pirée,8.9,12,13,98,1100,127,492,,,,90.29,99.31
294,Brussel,Forest,Rue du Mystere,12.0,15,16,33,275,75,893,,,,268.12,73.73
295,Luxemburg,Forrières,La Chavée,7.4,15,17,148,2000,213,95,x,,,59.78,119.57
296,Namur,Fosses-la-Ville,Le Rabot,3.6,8,9,113,3100,96,742,,,,78.30,242.73
297,Liege,Fraipont,Rue sur Steppes,7.7,16,20,178,2300,301,13,,,,49.71,114.33
298,Liege,Fraipont,Côte de Trasenster-Ouest,7.3,15,15,116,1600,221,74,,,,76.28,122.04
299,Liege,Francorchamps,Côte de Neuville,6.3,12,13,196,3100,190,140,,,,45.14,139.94
300,Namur,Franière,Rue du Calvaire,5.8,12,13,92,1600,115,571,,x,,96.17,153.88
301,Namur,Franière,Le Trémouroux,10.4,13,14,88,850,135,421,,,,100.55,85.46
302,Hainaut,Frasnes-lez-Anvaing,Le Bourliquet,6.5,12,14,91,1400,114,583,,,,97.23,136.12
303,Hainaut,Frasnes-lez-Anvaing,Côte du Dieu des Monts,4.9,9,10,64,1300,57,970,,,,138.25,179.73
304,Hainaut,Frasnes-lez-Anvaing,L'Escalette,4.6,9,10,65,1400,52,986,,,,136.12,190.57
305,Hainaut,Frasnes-lez-Anvaing,Le Gauquier,4.3,7,9,82,1900,58,964,,,,107.90,205.01
306,Hainaut,Frasnes-lez-Anvaing,Le Rossignol,7.5,14,16,83,1100,124,515,,,,106.60,117.26
307,Namur,Frasnes-lez-Couvin,La Longue Haile,9.1,10,14,59,650,80,859,,,,149.97,97.48
308,Hainaut,Froidchapelle,Côte du Pont Alsort,4.4,8,9,84,1900,69,924,,,,105.33,200.13
309,Namur,Froidfontaine,Côte de Froidfontaine,4.9,11,12,123,2500,118,554,,,,71.93,179.84
310,Luxemburg,Gembes,Côte de Gembes,5.8,12,13,116,2000,136,410,x,,,76.28,152.55
311,Liege,Gemmenich,Côte des Trois Frontières,6.0,8,12,96,1600,79,870,,,x,92.17,147.47
312,Oost-Vl,Geraardsbergen,Muur van Geraardsbergen,9.2,15,20,92,1000,171,210,,x,,96.17,96.17
313,Oost-Vl,Geraardsbergen,De Oudeberg,8.4,20,25,92,1100,253,43,,x,,96.17,105.79
314,Namur,Gérin,Côte d'Hastière,4.6,9,10,156,3400,111,610,,,x,56.72,192.84
315,Namur,Gesves,Tienne Saint-Martin,8.5,15,18,85,1000,137,402,,,,104.09,104.09
316,Namur,Gesves,Val d'Houyou,8.6,15,19,56,650,103,685,,,,158.00,102.70
317,Namur,Gimnée,Le Fond Marie,5.5,9,10,80,1450,72,904,,,,110.60,160.37
318,Namur,Gocheneé,Côte de Gochenée,5.0,11,12,105,2100,120,545,,,,84.27,176.96
319,Namur,Godinne,Fonds de la Biche,9.4,16,17,94,1000,150,323,,,,94.13,94.13
320,Namur,Godinne,Le Tienne de Mont,4.3,12,13,187,4400,174,199,,,,47.32,208.19
321,Namur,Godinne,Les Trys,6.1,18,22,103,1700,154,293,,,,85.90,146.03
322,Liege,Gomzé-Andoumont,Les Forges I,6.0,10,10,126,2100,132,443,,,,70.22,147.47
323,Liege,Gomzé-Andoumont,Les Forges II,4.8,12,13,121,2500,111,611,,,,73.12,182.81
324,Hainaut,Gottignies,Le Mont Coupé,4.6,7,9,51,1100,41,1000,,,,173.49,190.84
325,Namur,Gozée,L'M de Bomerée,3.3,8,8,98,3000,68,929,,,,90.29,270.86
326,Liege,Grâce-Hollogne,Rue de la Colline,8.4,19,21,59,700,128,486,,,,149.97,104.98
327,Luxemburg,Grandmenil,Côte de l'Amante,3.3,8,9,251,7500,129,477,,,x,35.25,264.38
328,Luxemburg,Grandmenil,Côte du Moulin de Fosse,6.8,12,14,135,2000,154,294,x,,,65.54,131.08
329,Luxemburg,Grandmenil,Côte du Trou du Loup,3.7,8,9,154,4200,94,758,,,x,57.45,241.31
330,Luxemburg,Grand-Halleux,Mont-le-Soie,5.9,10,11,235,4000,215,90,,,x,37.65,150.60
331,Luxemburg,Grand-Halleux,Les Quartiers,5.2,9,9,172,3300,130,467,,,x,51.44,169.76
332,Brabant wallon,Grez-Doiceau,Tienne du Golf,7.3,11,13,44,600,59,961,,,,201.09,120.65
333,Luxemburg,Grune,La Barrière de Grune,5.0,10,13,174,3500,152,310,x,,,50.85,177.98
334,Luxemburg,Grune,Côte du Moulin de Grune,6.7,11,14,87,1300,105,668,,,,101.70,132.21
335,Luxemburg,Grupont,Chemin de Mormont,8.8,13,14,88,1000,131,457,x,,,100.55,100.55
336,Luxemburg,Halanzy,Côte du Chalet,11.3,17,18,124,1100,231,58,x,,,71.35,78.49
337,Luxemburg,Halleux,Sur la Commune,5.7,10,13,153,2700,161,260,,,,57.83,156.14
338,Luxemburg,Halleux,Tier Boa,7.3,12,15,153,2100,176,195,,,,57.83,121.44
339,Namur,Haltinne,Côte de Haut-Bois,8.2,12,13,98,1200,127,493,,,,90.29,108.34
340,Namur,Haltinne,Tour de Muache,5.3,15,22,101,1900,133,437,,,,87.60,166.45
341,Namur,Hamois,Le Trou Maroit,6.2,14,17,56,900,70,910,,,,158.00,142.20
342,Luxemburg,Hampteau,Côte d'Inzefin,9.7,14,16,63,650,107,644,x,,,140.44,91.29
343,Hainaut,Ham-sur-Heure,Le Point d'Arrêt,9.7,13,16,58,600,93,770,x,,,152.55,91.53
344,Hainaut,Ham-sur-Heure,Côte des Trois Arbres,13.0,18,21,26,200,71,906,,,,340.31,68.06
345,Luxemburg,Hargimont,Côte d'Ambly,6.6,12,13,92,1400,102,693,,,,96.17,134.64
346,Luxemburg,Harnancourt,Côte du Bois de Guéville,10.3,17,18,123,1200,213,96,x,x,,71.93,86.32
347,Luxemburg,Harre,Bois de Harre,5.9,11,11,172,2900,167,230,,,,51.44,149.18
348,Luxemburg,Harre,Deux-Rys,7.2,15,16,158,2200,182,170,,,,56.00,123.20
349,Luxemburg,Harre,Côte de Fays,5.8,12,13,138,2400,146,339,,,,64.12,153.88
350,Luxemburg,Harre,Roche à Frêne,9.5,13,13,190,2000,260,40,,,,46.57,93.14
351,Luxemburg,Harre,Le Trou Bouhay,4.9,9,10,123,2500,100,716,,,,71.93,179.84
352,Liege,Harzé,Le Fi,6.5,12,13,121,1850,129,478,,,,73.12,135.28
353,Liege,Harzé,Côte de Havelange,5.5,8,8,159,2900,124,516,,,x,55.65,161.38
354,Liege,Harzé,Warmonfosse,7.2,14,16,152,2100,171,211,,,,58.21,122.24
355,Namur,Hastière-Lavaux,Côte d'Insemont,4.6,9,9,147,3200,131,458,x,,,60.19,192.61
356,Namur,Hastière-Lavaux,Tienne du Baron,6.7,16,21,100,1500,158,272,x,,,88.48,132.72
357,Luxemburg,Hatrival,Tier du Pendu,4.6,9,11,111,2400,108,633,,,,79.71,191.31
358,Luxemburg,Haut-Fays,Côte de Haut-Fays,4.8,9,10,138,2900,115,572,,,,64.12,185.94
359,Brabant wallon,Haut-Ittre,Côte de la Ferme du Pré,6.8,11,12,34,500,70,911,,x,,260.24,130.12
360,Namur,Haut-le-Wastia,Côte de Haut-le-Wastia,4.3,7,8,113,2600,85,824,,,,78.30,203.58
361,Namur,Havelange,Côte d'Ossogne,7.6,14,15,76,1000,120,546,,,,116.42,116.42
362,Namur,Heer,Côte du Réservoir,9.1,11,16,73,800,97,736,,,,121.21,96.96
363,Antwerpen,Heist-op-den-Berg,Helling van Heist-op-den-Berg,5.8,11,14,29,500,43,998,,x,,305.10,152.55
364,Liege,Heppenbach,Steigung von Hepscheid,6.4,11,12,108,1700,118,555,,,,81.93,139.27
365,Liege,Heppenbach,Schwalert,5.1,11,12,133,2600,116,566,,,,66.53,172.97
366,Luxemburg,Herbeumont,Côte de l'Antrogne,8.0,11,12,120,1500,154,295,,,,73.73,110.60
367,Luxemburg,Herbeumont,Le Terme,7.0,12,13,98,1400,124,517,,,,90.29,126.40
368,Liege,Hermalle-sous-Huy,Côte de Hermalle-sous-Huy,6.5,8,9,142,2200,130,468,,,x,62.31,137.08
369,Namur,Hermeton-sur-Meuse,Le Stuval,5.4,13,15,163,3000,195,129,x,,,54.28,162.85
370,Liege,Heure-le-Romain,Thier d'Amry,13.7,15,17,41,300,95,750,,,,215.80,64.74
371,Luxemburg,Heyd,Col du Rideux-Est,6.7,13,14,167,2500,205,109,,,,52.98,132.46
372,Luxemburg,Heyd,Col du Rideux-Nord I,8.0,15,17,201,2500,282,23,,,,44.02,110.05
373,Luxemburg,Heyd,Col du Rideux-Nord II,6.7,13,16,201,3000,268,34,,,,44.02,132.06
374,Luxemburg,Heyd,Col du Rideux-Nord Est,6.2,10,11,160,2600,155,289,,,,55.30,143.78
375,Luxemburg,Heyd,Col du Rideux-Sud,6.9,12,13,151,2200,198,126,,,,58.60,128.91
376,Luxemburg,Hives,Côte d'Hives,5.9,9,11,183,3100,173,201,,,x,48.35,149.88
377,Luxemburg,Hodister,Côte d'Hodister,4.3,8,8,200,4600,148,327,,,,44.24,203.50
378,Vl-Br,Hoegaarden,Kauterhof,4.4,6,7,53,1200,57,971,,x,,166.94,200.33
379,Vl-Br,Hoeilaart,Felix Sohiestraat/Solheide,17.1,18,22,24,150,82,843,,x,,368.67,55.30
380,Vl-Br,Hoeilaart,De Trepkens,17.0,17,26,17,100,60,956,,(x),,520.47,52.05
381,Luxemburg,Hollange,Côte du Burnon,5.8,9,11,96,1650,90,791,,,,92.17,152.08
382,Luxemburg,Hollange,Côte de Sainlez,6.6,10,11,99,1500,98,729,,,,89.37,134.06
383,Vl-Br,Holsbeek,Chartreuzenberg,5.3,8,10,58,1100,53,984,,(x),,152.55,167.81
384,Vl-Br,Holsbeek,Meesberg-Noord,5.8,9,10,52,900,61,950,,x,,170.15,153.14
385,Luxemburg,Hotton,Côte de la Vièrge de Werpin,6.7,10,12,155,2300,157,276,,,,57.08,131.29
386,Luxemburg,Hotton,Sur Waha,9.2,13,15,129,1400,182,171,,,,68.59,96.02
387,Hainaut,Houdeng-Aimeries,Côte du Coron Grand-Peine,8.5,13,15,34,400,58,965,,,,260.24,104.09
388,Luxemburg,Houffalize,Rue Saint-Roch,11.0,15,20,127,1150,219,79,,(x),,69.67,80.12
389,Liege,Housse,Corinhez,9.8,15,17,49,500,90,792,,,,180.57,90.29
390,Vl-Br,Houwaart,Roeselberg,6.4,10,11,45,650,56,976,,,,196.62,127.80
391,Namur,Houyet,Route de Givet,4.2,7,8,170,3800,111,612,,,,52.05,197.78
392,Namur,Houyet,Côte de Herhet,5.4,9,9,124,2300,109,622,,,,71.35,164.12
393,Liege,Huccorgne,Rue Chénia,8.9,13,14,62,700,92,778,,,,142.71,99.90
394,Vl-Br,Huldenberg,Smeysberg,8.3,16,18,50,600,95,751,,,,176.96,106.18
395,Namur,Hulsonniaux,Côte de Hulsonniaux,3.5,6,6,177,5100,101,706,,,x,49.99,254.94
396,Luxemburg,Humain,Côte de Cocrai,5.4,11,12,119,2200,119,550,,,,74.35,163.58
397,Luxemburg,Humain,Côte de Humain,6.3,13,19,75,1200,87,809,,,,117.97,141.57
398,Liege,Huy,La Chantelière,8.5,19,21,64,750,114,584,x,,,138.25,103.69
399,Liege,Huy,Mont Falise-Nord,6.7,12,14,81,1200,106,657,,,,109.23,131.08
400,Liege,Huy,Côte du Mont-Falise-Sud-Ouest,9.0,17,20,90,1000,171,212,,x,,98.31,98.31
401,Liege,Huy,La Montagne Corroy,11.5,15,17,126,1100,217,84,,,,70.22,77.24
402,Liege,Huy,Mur de Huy,9.8,17,19,128,1300,224,66,,,,69.13,89.86
403,Liege,Huy,Route de la Sarte,7.1,9,10,142,2000,153,303,,,,62.31,124.62
404,Liege,Huy,Thier des Malades,8.8,17,20,70,800,120,547,,,,126.40,101.12
405,Vl-Br,Itterbeek,Kuiperenberg,5.9,7,9,41,700,48,992,,(x),,215.80,151.06
406,Brabant wallon,Ittre,Côte de Coquiamont,4.9,12,14,68,1400,87,810,,x,,130.12,182.16
407,Brabant wallon,Ittre,Côte de Rosémont,6.1,11,13,73,1100,85,825,,x,,121.21,133.33
408,Luxemburg,Izel,Côte de la Mouline,5.8,12,13,107,1850,123,526,,,,82.69,152.98
409,Luxemburg,Izier,Côte d'Ozo,10.3,13,13,93,900,139,391,,,,95.14,85.63
410,Liege,Jalhay,Côte de la Baraque Michel-Est,4.0,6,7,297,7400,166,236,,,x,29.79,220.46
411,Liege,Jalhay,Côte de la Baraque Michel-Nord,3.3,12,13,449,13500,336,4,,,,19.71,266.03
412,Liege,Jalhay,Côte Barrage de la Gileppe,5.5,7,8,142,2600,109,623,,,x,62.31,162.01
413,Liege,Jalhay,Côte de Jalhay,4.4,8,8,169,3700,123,527,,,,52.36,193.71
414,Liege,Jalhay,Côte de Surister,5.2,10,10,115,2200,106,658,,,,76.94,169.27
415,Hainaut,Jamioulx,Les Hayettes,5.6,10,13,84,1500,85,826,,,,105.33,158.00
416,Brabant wallon,Jauchelette,Rue Saint-Pierre,7.6,10,11,34,450,69,925,,x,,260.24,117.11
417,Namur,Javingue,Sur les Tiennes,7.0,12,13,98,1400,118,556,,,,90.29,126.40
418,Liege,Jehay-Bodegnée,Côte du Bois Saint-Lambert,18.4,19,21,46,250,163,250,x,x,,192.35,48.09
419,Liege,Jehay-Bodegnée,La Chausseé Romaine,5.7,8,10,125,2200,126,500,,,,70.78,155.72
420,Namur,Jemelle,Côte du Gerny,5.7,13,15,85,1500,114,585,,x,,104.09,156.14
421,Namur,Jemelle,Thier de l'Abbaye,4.4,11,12,93,2100,105,669,,,,95.14,199.79
422,Liege,Jemeppe-sur-Meuse,Côte du Jolibois-Ouest,14.4,21,23,65,450,163,251,,,,136.12,61.26
423,Liege,Jemeppe-sur-Meuse,Côte du Jolibois-Sud,7.3,18,20,73,1000,165,242,,x,,121.21,121.21
424,Hainaut,Jemeppe-sur-Sambre,Chemin de la Fontaine,5.8,14,17,69,1200,108,634,,,,128.23,153.88
425,Hainaut,Jemeppe-sur-Sambre,Les Ornias,10.2,14,18,46,450,88,799,,,,192.35,86.56
426,Hainaut,Jumet,Côte Lorraine Saint-Roch,11.0,15,16,66,600,116,567,,,,134.06,80.44
427,Liege,Jupille,Le Fond du Chat,13.8,17,22,62,450,142,366,,,,142.71,64.22
428,Liege,Jupille,Côte des Trixhes,8.2,16,17,107,1300,166,237,,,,82.69,107.50
429,Limburg,Kanne,Plattenberg,7.6,9,10,53,700,60,957,,,,166.94,116.86
430,West-Vl,Kemmel,Kemmelberg-Oost,4.0,13,18,119,3000,152,311,,x,,74.35,223.06
431,West-Vl,Kemmel,Kemmelberg-West,4.4,19,23,109,2500,183,167,,x,,81.17,202.94
432,West-Vl,Kemmel,Kemmelberg-Zuid,7.8,15,17,109,1400,147,332,,,,81.17,113.64
433,Vl-Br,Kessel-Lo,Heideberg,5.5,12,13,50,900,62,947,,,,176.96,159.26
434,Oost-Vl,Kluisbergen,Kluisberg,6.3,13,15,113,1800,148,328,,,,78.30,140.94
435,Hainaut,Russeignies,Côte de Trieu,8.0,11,13,88,1100,108,635,,,,100.55,110.60
436,Oost-Vl,Kluisbergen,Helling van Kraai,5.8,12,14,58,1000,87,811,,(x),,152.55,152.55
437,Oost-Vl,Kwaremont,Oude Kwaremont,4.2,10,11,93,2200,110,619,,x,,95.14,209.31
438,Oost-Vl,Kwaremont,Paterberg,12.6,17,20,44,350,132,444,,x,,201.09,70.38
439,Liege,La Gleize,Côte d'Exbomont,6.0,12,13,137,2300,151,317,x,,,64.58,148.54
440,Liege,La Gleize,Côte du Rosier-Est,5.7,9,12,255,4500,202,113,,,,34.70,156.14
441,Liege,La Gleize,Côte du Rosier-Sud,3.9,9,10,357,9200,271,30,,,,24.78,228.02
442,Hainaut,La Hestre,Côte de Canterlot,7.8,17,20,39,500,87,812,,(x),,226.87,113.44
443,Liege,La Reid,Côte de Desnie,6.0,10,11,269,4500,236,53,,,,32.89,148.01
444,Liege,La Reid,El Minire,4.8,13,15,222,4600,226,64,,,,39.86,183.34
445,Liege,La Reid,Hautregard,4.5,6,7,222,4900,148,329,,,x,39.86,195.29
446,Liege,La Reid,Côte Maquisard,5.1,7,10,153,3000,116,568,,,x,57.83,173.49
447,Liege,La Reid,Sur le Thier,5.0,8,9,111,2200,82,844,,,,79.71,175.37
448,Luxemburg,La Roche-en-Ardenne,Haussire-Ouest,5.1,12,15,275,5400,222,70,,,,32.17,173.74
449,Luxemburg,La Roche-en-Ardenne,Haussire-Sud,7.0,12,13,273,3900,308,11,,,,32.41,126.40
450,Luxemburg,La Roche-en-Ardenne,Haussire-Sud-Ouest,6.0,13,14,275,4600,363,1,,,,32.17,148.00
451,Luxemburg,La Roche-en-Ardenne,Côte d'Ortho,5.6,8,10,161,2900,133,438,,,x,54.96,159.37
452,Luxemburg,La Roche-en-Ardenne,Parc à Gibier,8.9,15,18,133,1500,220,76,,,,66.53,99.79
453,Luxemburg,La Roche-en-Ardenne,Trou Bourbon,11.3,13,17,113,1000,186,152,,,,78.30,78.30
454,Liege,Lambermont,Rue des Combattants,7.8,13,14,102,1300,125,506,,,,86.75,112.77
455,Liege,Lambermont,Côte de Lambermont,9.5,13,13,105,1100,162,255,,,,84.27,92.69
456,Luxemburg,Lamorteau,Côte de la Tanière,7.8,11,12,70,900,88,800,,,,126.40,113.76
457,Hainaut,Landelies,Côte des Mulets,6.1,15,16,79,1300,106,659,,x,,112.00,145.60
458,Namur,Landenne,Côte du Chant d'Oiseaux,3.4,9,11,126,3700,129,479,,,,70.22,259.82
459,Namur,Laneffe,La Vieille Route,12.0,14,14,48,400,93,771,,,,184.33,73.73
460,Brabant wallon,Lasne-Chapelle-Saint-Lambert,Côte du Bois Eloi,8.0,15,16,48,600,85,827,,x,,184.33,110.60
461,Brabant wallon,Lasne-Chapelle-Saint-Lambert,Ruelle Commère,7.5,12,14,45,600,81,850,,x,,196.62,117.97
462,Luxemburg,Latour,Côte du Château de Latour,5.2,12,14,70,1350,85,828,,,,126.40,170.64
463,Luxemburg,Latour,Côte des Rappes,7.0,13,15,73,1050,104,680,,,,121.21,127.27
464,Luxemburg,Lavacherie,Tier de la Male Racine,4.7,9,10,200,4300,165,243,,,,44.24,190.23
465,Namur,Le Mesnil,Côte de Vierves,4.0,8,8,186,4600,157,277,,x,,47.57,218.82
466,Namur,Le Roux,Rue de la Giloterie,8.6,11,13,60,700,78,878,,,,147.47,103.23
467,Namur,Leignon,Côte de Barcenal,7.1,11,12,64,900,97,737,,x,,138.25,124.43
468,Vl-Br,Lembeek,Krekelenberg,5.1,10,11,86,1700,77,883,,,,102.88,174.90
469,Luxemburg,Les Hayons,Haute-Voie,14.5,16,17,80,550,196,128,x,x,,110.60,60.83
470,Luxemburg,Les Hayons,Le Saut des Sorcières,7.8,12,14,148,1900,201,118,,,,59.78,113.59
471,Luxemburg,Les Hayons,Le Tour,5.8,9,9,127,2200,130,469,x,,,69.67,153.27
472,Luxemburg,Lesterny,Côte du Hérimont,6.4,12,15,116,1800,138,396,x,,,76.28,137.30
473,Namur,Lesve,Rue Biernostet,8.7,16,22,48,550,91,783,,,,184.33,101.38
474,Luxemburg,Libin,Les Boletttes,8.7,11,12,130,1500,162,256,,,,68.06,102.09
475,Liege,Liège,Côte du Bois de Saint-Laurent,6.4,10,11,154,2400,143,361,,,x,57.45,137.89
476,Liege,Liège,Rue Coupée,8.2,14,17,106,1300,158,273,,x,,83.47,108.51
477,Liege,Liège,Rue du Laveu,14.1,19,20,67,475,193,133,,x,,132.06,62.73
478,Liege,Liège,Montagne Sainte-Walburge,6.4,13,14,102,1600,108,636,,,,86.75,138.79
479,Liege,Liège,Rue Naimette,11.8,16,16,53,450,134,430,,x,,166.94,75.12
480,Liege,Liège,Rue de La Sèche,10.9,21,23,87,800,190,141,,,,101.70,81.36
481,Liege,Liège,Rue Xhovémont,10.7,13,13,75,700,142,367,,x,,117.97,82.58
482,Liege,Lierneux,Côte de Jevigne,7.8,10,10,82,1050,99,726,,,,107.90,113.30
483,Brabant wallon,Limal,Tienne des Français,15.2,17,20,38,250,104,681,,,,232.84,58.21
484,Brabant wallon,Limal,Tienne Vanasse-Nord,8.0,10,10,44,550,70,912,,x,,201.09,110.60
485,Brabant wallon,Limal,Tienne Vanasse-Sud-Ouest,10.6,21,25,37,350,109,624,,x,,239.14,83.70
486,Liege,Limbourg ,Chemin du Cimetière,7.5,15,17,82,1100,122,530,x,,,107.90,118.69
487,Liege,Limbourg ,Côte d'Hévremont,3.5,7,8,138,3900,89,797,,,,64.12,250.05
488,Liege,Limbourg ,Côte de la Ville Haute,5.2,12,19,102,1950,133,439,,x,,86.75,169.15
489,Luxemburg,Limerlé,Côte de Chérapont,4.9,8,8,74,1500,57,972,,,,119.57,179.35
490,Vl-Br,Linkebeek,Moensberg,4.0,13,15,40,1000,87,813,,x,,221.20,221.20
491,Namur,Lisogne,Le Charreau de Leffe,4.9,13,18,185,3800,194,131,,x,,47.83,181.74
492,Liege,Lixhe,Côte de Lixhe,8.7,12,12,65,750,94,759,,,,136.12,102.09
493,West-Vl,Loker,De Monteberg,7.3,12,13,73,1000,91,784,,,,121.21,121.21
494,Liege,Lommersweiler,Etteberg,7.2,13,15,129,1800,157,278,,,,68.59,123.46
495,Liege,Lommersweiler,Schlierbach-Ost,5.5,11,12,138,2500,153,304,,,,64.12,160.29
496,Liege,Lommersweiler,Schlierbach-Süd-Ost,5.4,14,16,145,2700,197,127,,,,61.02,164.76
497,Hainaut,Lompret,Côte du Château,4.9,9,10,59,1200,57,973,,,,149.97,179.96
498,Liege,Lorcé,Côte de Chession,4.3,8,9,180,4200,124,518,,,,49.16,206.45
499,Liege,Lorcé,Hes Grevis,6.8,16,18,156,2300,213,97,,,,56.72,130.45
500,Liege,Lorcé,Côte de Lorcé,5.6,11,12,228,4100,205,110,,,,38.81,159.11
501,Liege,Louveigné,Côte de Trasenster-Nord,4.0,7,9,201,5000,136,411,,,x,44.02,220.10
502,Hainaut,Loverval,Côte des Grands Lacs,11.8,17,20,59,500,131,459,,,,149.97,74.98
503,Namur,Loyers,Côte de Loyers,6.5,10,12,78,1200,83,839,,,,113.44,136.12
504,Namur,Loyers,Tienne aux Grosses Pierres,13.0,18,26,52,400,129,480,x,x,,170.15,68.06
505,Namur,Lustin,Fond de Nîmes,5.5,7,9,171,3100,135,422,,,x,51.74,160.40
506,Namur,Lustin,Fonds de Lustin,4.6,9,11,175,3800,167,231,,,,50.56,192.13
507,Namur,Lustin,Fonds Delvaux,4.8,13,15,168,3500,160,263,,,,52.67,184.33
508,Namur,Lustin,Triple Mur du Monty,9.0,17,21,171,1900,321,6,,,,51.74,98.31
509,Namur,Lustin,Ruelle Toussaint,6.7,22,30,171,2700,343,2,,,,51.74,139.71
510,Oost-Vl,Maarke-Kerkem,Eikenberg,5.0,10,11,60,1200,75,894,,x,,147.47,176.96
511,Oost-Vl,Maarke-Kerkem,Kapelleberg,6.2,11,14,68,1100,79,871,,,,130.12,143.13
512,Luxemburg,Mabompré,Côte de Bonnerue,5.7,7,8,143,2500,112,606,,,x,61.87,154.69
513,Luxemburg,Mabompré,Côte des Deux-Ourthes,7.4,18,22,141,1900,202,114,x,,,62.75,119.23
514,Hainaut,Macon,Côte du Point d'Arrêt,5.6,8,10,67,1200,57,974,,,,132.06,158.47
515,Namur,Maffe,Côte de Somal,5.8,10,13,115,2000,136,412,,,,76.94,153.88
516,Namur,Maillen,La Rochette,8.9,13,15,58,650,93,772,,,,152.55,99.16
517,Luxemburg,Maissin,Pinval,7.0,11,12,126,1800,159,266,,,,70.22,126.40
518,Namur,Maizeret,Tneuchamps,6.7,9,11,101,1500,102,694,,,,87.60,131.41
519,Luxemburg,Malempré,Côte de Malempré,9.4,15,18,75,800,130,470,,,,117.97,94.38
520,Liege,Malmédy,Côte de Floriheid,7.9,11,15,115,1450,141,372,,,,76.94,111.56
521,Liege,Malmédy,Côte de Haute-Vaulx,11.1,18,22,89,800,171,213,,,,99.42,79.53
522,Liege,Malmédy,Chemin de Livremont,13.6,20,22,61,450,146,340,x,,,145.05,65.27
523,Liege,Malmédy,Route de Saint-Vith,11.0,17,21,126,1150,234,55,,,,70.22,80.76
524,Liege,Malmédy,Tier de Liège,13.1,16,17,72,550,153,305,x,,,122.89,67.59
525,Namur,Malonne,Reumont,6.8,16,19,115,1700,151,318,,,,76.94,130.80
526,Namur,Malonne,Sur les Ternes,4.8,14,18,116,2400,132,445,,,,76.28,183.06
527,Namur,Malonne,Tienne Calbalasse,14.0,16,22,98,700,220,77,,x,,90.29,63.20
528,Namur,Malonne,Les Trys,7.3,12,13,110,1500,132,446,,,,80.44,120.65
529,Liege,Manderfeld,Andlerberg,4.1,6,7,131,3200,88,801,,,x,67.54,216.13
530,Namur,Marche-les-Dames,Barrière de Bayet,6.8,12,14,108,1600,136,413,,,,81.93,131.08
531,Namur,Marche-les-Dames,Rue des Ruwales,9.4,12,14,75,800,104,682,,,,117.97,94.38
532,Liege,Marchin,Chemin du Comte,5.8,8,10,162,2800,134,431,,,x,54.62,152.93
533,Liege,Marchin,Côte d'Ereffe,5.9,10,12,130,2200,135,423,,,,68.06,149.74
534,Liege,Marchin,Côte de State,10.9,14,15,87,800,147,333,,,,101.70,81.36
535,Liege,Marchin,Thier de Huy,10.8,17,19,151,1400,272,29,,,,58.60,82.03
536,Liege,Marchin,Vieux Thier de Huy-Sud,10.1,16,22,71,700,128,487,,,,124.62,87.23
537,Namur,Marchovelette,Chemin des Blés,7.9,12,12,55,700,71,907,,,,160.87,112.61
538,Hainaut,Marcinelle,Côte Saint-Nicolas,4.9,13,17,94,1900,112,607,(x),x,,94.13,178.84
539,Luxemburg,Marcourt,Côte du Douaire,6.6,14,16,96,1450,109,625,,,,92.17,133.64
540,Luxemburg,Marcourt,Le Gros Thier,5.8,11,12,150,2600,170,217,x,,,58.99,153.37
541,Luxemburg,Marcourt,Les Planesses,7.1,10,11,107,1500,121,538,,,,82.69,124.04
542,Luxemburg,Martelange,Rue de l'Église,10.8,13,15,70,650,123,528,,(x),,126.40,82.16
543,Luxemburg,Martelange,Rue de la Harot,10.3,15,16,62,600,132,447,(x),(x),,142.71,85.63
544,Luxemburg,Martelange,Côte de la Schock,8.8,11,12,84,950,109,626,,,,105.33,100.07
545,Luxemburg,Masbourg,Le Stoquache,7.7,12,14,146,1900,182,172,,,,60.60,115.15
546,Namur,Matagne-la-Grande,Côte du Sacré-Coeur,8.0,14,16,88,1100,122,531,,,,100.55,110.60
547,Namur,Mazée,Côte du Moulin de Mazée,7.3,14,15,176,2400,242,50,,,,50.27,120.65
548,Namur,Méan,Gros Chêne,4.5,8,9,159,3500,140,382,,,,55.65,194.77
549,Namur,Méan,Les Scleys,6.2,13,15,118,1900,179,181,x,,,74.98,142.47
550,Luxemburg,Meix-devant-Virton,Côte du Haut-Chemin,5.9,10,12,77,1250,84,837,,,,114.91,143.64
551,Oost-Vl,Melden,Koppenberg,10.8,18,22,65,600,172,205,,x,,136.12,81.67
552,Brabant wallon,Mellery,Côte de l'Abbaye,3.5,9,10,70,2000,102,695,,x,,126.40,252.80
553,Brabant wallon,Mellery,Drève du Tumulus,6.8,13,14,54,800,71,908,,,,163.85,131.08
554,Liege,Meyerode,Der Alesberg,4.9,8,9,88,1800,70,913,,,,100.55,180.98
555,Liege,Meyerode,Steigung von Herresbach,6.2,11,12,106,1700,118,557,,,,83.47,141.90
556,Luxemburg,Mirwart,La Blanche Virée,4.8,14,15,177,3700,209,101,,,,49.99,184.96
557,Luxemburg,Mirwart,Les Hazeilles,6.0,16,18,146,2400,231,59,,,,60.60,145.45
558,Oost-Vl,Moerbeke,Bosberg,5.0,11,11,68,1350,79,872,,x,,130.12,175.66
559,Liege,Moha,Les Communes,10.0,13,15,70,700,119,551,,,,126.40,88.48
560,Luxemburg,Moircy,Côte du Bois de Lambert Fayi,4.5,8,9,127,2800,87,814,,,,69.67,195.07
561,Hainaut,Mons,Côte de la Grand-Place,7.4,14,16,37,500,81,851,,x,,239.14,119.57
562,Liege,Mons-lez-Liège,Le Paradis,7.8,19,21,78,1000,154,296,,x,,113.44,113.44
563,Liege,Mons-lez-Liège,Rue Tavalle,7.3,10,10,88,1200,94,760,,,,100.55,120.65
564,Luxemburg,Mont,La Longue Virée,4.6,9,10,148,3200,116,569,,,,59.78,191.31
565,Luxemburg,Mont,Côte de Wilogne,7.0,10,11,105,1500,105,670,,,,84.27,126.40
566,Hainaut,Montigny-le-Tilleul,Faubourg Saint-Lazare,5.9,14,15,85,1450,113,593,,,,104.09,150.94
567,Hainaut,Montigny-le-Tilleul,Côte de Landelies,8.4,10,11,71,850,93,773,,,,124.62,105.93
568,Luxemburg,Montleban,Côte de Lomré,4.2,8,8,133,3200,101,707,,,,66.53,212.88
569,Hainaut,Montreuil-au-Bois,Trou Robin,8.8,13,17,44,500,69,926,,,,201.09,100.55
570,Hainaut,Mont-de-l'Enclus,Le Mont de l'Enclus,5.7,13,15,113,2000,156,287,,,,78.30,156.60
571,Namur,Mont-Gauthier,Côte de Mont-Gauthier,4.9,9,10,83,1700,81,852,,,,106.60,181.22
572,Hainaut,Mont-Ste-Aldegonde,La Jonquière,4.1,14,16,41,1000,60,958,,,,215.80,215.80
573,Hainaut,Mont-Saint-Aubert,Col de la Croix-Jubaru,5.6,7,7,75,1350,61,951,,,x,117.97,159.26
574,Hainaut,Mont-Saint-Aubert,Mont-Saint-Aubert Sud-Est,6.7,11,12,121,1800,125,507,,,,73.12,131.62
575,Hainaut,Mont-Saint-Aubert,Mont-Saint-Aubert Sud-Ouest,5.2,14,17,125,2400,141,373,,,,70.78,169.88
576,Brabant wallon,Mont-Saint-Guibert,Côte des Trois Burettes,4.8,15,19,63,1300,97,738,,(x),,140.44,182.58
577,Hainaut,Morlanwelz-Mariemont,Le Plateau Warocqué,4.1,13,15,77,1900,131,460,,x,,114.91,218.33
578,Luxemburg,Mormont,Grande-Terre,9.4,13,14,118,1300,173,202,x,,,74.98,97.48
579,Luxemburg,Mormont,Côte d'Hoursine,7.4,13,15,162,2200,193,134,x,,,54.62,120.16
580,Luxemburg,Mormont,Côte de Mormont,4.5,11,11,153,3400,144,356,,,,57.83,196.62
581,Luxemburg,Muno,Côte de Muno,6.3,9,9,157,2500,145,348,,,x,56.36,140.89
582,Luxemburg,Musson,La Croix de l'Homme,7.6,13,14,140,1850,171,214,x,,,63.20,116.92
583,Luxemburg,Nadrin,Côte de Nadrin,4.6,7,7,153,3300,107,645,,,x,57.83,190.84
584,Hainaut,Nalinnes,Côte de Pétria,6.1,11,11,91,1500,101,708,,x,,97.23,145.85
585,Namur,Namêche,Les Carrières Montigny,6.1,14,16,73,1200,105,671,,,,121.21,145.45
586,Namur,Namêche,Les Fermes,7.5,14,16,75,1000,124,519,,,,117.97,117.97
587,Namur,Namêche,Côte de Namèche,4.5,9,10,98,2200,86,820,,,,90.29,198.63
588,Namur,Namêche,Tienne à l'Erable,6.3,16,17,75,1200,114,586,,,,117.97,141.57
589,Namur,Namur,Chemin des Mélèzes,7.8,12,13,125,1600,156,288,,,,70.78,113.25
590,Namur,Namur,Route Merveilleuse,5.4,7,8,107,2000,94,761,,x,x,82.69,165.38
591,Namur,Namur,Route des Panoramas,5.1,6,7,128,2500,89,798,,,x,69.13,172.81
592,Namur,Namur,Rue du Travail,6.6,14,17,126,1900,142,368,,,,70.22,133.42
593,Namur,Namur,Avenue des Trieux,7.3,14,16,116,1550,146,341,,,,76.28,118.23
594,Namur,Naninne,Côte de Naninne,4.1,8,9,118,2900,96,743,,,,74.98,217.45
595,Luxemburg,Nassogne,Route Barrière de Champlon,4.2,6,7,163,3900,102,696,,,x,54.28,211.70
596,Luxemburg,Nassogne,Le Crawy,7.2,14,16,143,2000,179,182,,,,61.87,123.75
597,Luxemburg,Nassogne,Chemin de la Diglette,5.3,11,11,224,4200,216,88,,,,39.50,165.90
598,Luxemburg,Nassogne,Côte du Pré Lacroix,4.6,7,8,143,3100,106,660,,,,61.87,191.81
599,Namur,Natoye,Côte de Linni,6.6,17,20,66,1000,125,508,,,,134.06,134.06
600,Vl-Br,Vilvoorde,Paolaberg,6.7,11,13,37,550,46,994,,,,239.14,131.52
601,Brussel,Neder-over-heembeek,Trassersweg,4.4,10,11,44,1000,47,993,,,,201.09,201.09
602,Liege,Nessonvaux,Bois d'Olne,5.2,17,22,160,3100,229,61,,,,55.30,171.43
603,Liege,Nessonvaux,La Voie Collas,7.7,16,20,100,1300,146,342,,,,88.48,115.02
604,Brabant wallon,Nethen,Tienne Vincent,13.6,16,19,34,250,86,821,,,,260.24,65.06
605,Namur,Nettinne,La Croix-Maillard,5.5,14,15,55,1000,86,822,,,,160.87,160.87
606,Luxemburg,Neufchâteau,Côte l'Arbre de la Justice,5.7,11,11,63,1100,77,884,,,,140.44,154.49
607,Liege,Neufchâteau,Les Waides,8.3,13,14,108,1300,138,397,,,,81.93,106.50
608,Namur,Nismes,Le Fondry des Chiens,7.6,11,15,65,850,85,829,x,,,136.12,115.70
609,Brabant wallon,Nivelles,Mont Saint-Rock,5.3,12,15,37,700,64,943,,(x),,239.14,167.39
610,Luxemburg,Noirefontaine,Les Enclaves,13.5,16,18,149,1100,287,19,,,,59.38,65.32
611,Namur,Noiseux,Côte du Domaine de Stockeux,9.6,13,15,77,800,121,539,,,,114.91,91.93
612,Luxemburg,Nothomb,Lamichterberg-Est,5.1,11,12,154,3000,170,218,,,,57.45,172.36
613,Luxemburg,Nothomb,Lamichterberg-Sud,6.2,14,14,118,1900,142,369,,,,74.98,142.47
614,Oost-Vl,Nukerke,Kortekeer,6.6,12,15,66,1000,80,860,,,,134.06,134.06
615,Oost-Vl,Nukerke,Kuithol,9.2,16,18,46,500,88,802,,,,192.35,96.17
616,Luxemburg,Ochamps,Côte d'Ochamps,4.3,8,9,95,2200,81,853,,,,93.14,204.90
617,Luxemburg,Odeigne,Côte d'Odeigne,4.1,12,13,215,5200,193,135,,x,,41.15,214.00
618,Hainaut,Oeudeghien,Côte de Bousée,5.9,12,15,71,1200,88,803,,,,124.62,149.54
619,Namur,Oignies-en-Thiérache,Le Trou du Diable,5.0,10,11,256,5100,241,52,,,,34.56,176.27
620,Brabant wallon,Oisquercq,Le Bois d'Oisquercq,8.8,13,15,70,800,106,661,,(x),,126.40,101.12
621,Namur,Oizy,Côte Cornimont,6.9,10,12,179,2600,189,142,,,,49.43,128.52
622,Namur,Oizy,Côte de Gros-Fays,5.6,7,9,203,3600,157,279,,,x,43.59,156.91
623,Namur,Oizy,Côte de Maltournée,5.0,7,7,216,4300,151,319,,,x,40.96,176.14
624,Namur,Olloy-sur-Viroin,Côte la Taille des Agneaux,6.2,8,9,168,2700,160,264,,,x,52.67,142.20
625,Liege,Olne,Froidbermont,4.2,10,10,137,3300,122,532,,,,64.58,213.13
626,Liege,Olne,Froidheid,5.4,16,18,125,2300,172,206,,,,70.78,162.80
627,Liege,Olne,Côte de Hansez,8.5,15,21,136,1600,209,102,,,,65.06,104.09
628,Liege,Ombret-Rawsa,Les Communes,12.5,17,25,106,850,215,91,,,,83.47,70.95
629,Liege,Ombret-Rawsa,Thier d'Olne,10.4,13,17,47,450,100,717,,x,,188.26,84.71
630,Luxemburg,On,La Mouchonnière,7.2,11,13,79,1100,92,779,,,,112.00,123.20
631,Luxemburg,On,Tier d'Aussai,4.4,14,17,114,2600,134,432,,,,77.61,201.80
632,Namur,Orchimont,Côte du Flachis,6.1,13,14,121,2000,158,274,,,,73.12,146.25
633,Namur,Orchimont,Côte de Hérissart,4.8,8,9,218,4500,163,252,,,x,40.59,182.64
634,Namur,Orchimont,Côte d'Orchimont,5.3,15,24,137,2600,129,481,,,,64.58,167.92
635,Luxemburg,Ortho,Côte du Barrage Nisramont,4.6,7,8,148,3200,98,730,,,x,59.78,191.31
636,Luxemburg,Ortho,Côte du Pied Monti,6.4,18,21,179,2800,314,8,,,,49.43,138.40
637,Vl-Br,Ottenburg,Langeheide,6.7,12,15,47,700,91,785,,(x),,188.26,131.78
638,Oost-Vl,Oudenaarde,Achterberg,4.3,14,16,65,1500,83,840,,,,136.12,204.18
639,Oost-Vl,Oudenaarde,Ganzenberg,5.8,13,17,70,1200,87,815,,,,126.40,151.68
640,Oost-Vl,Oudenaarde,Varentberg,9.9,13,16,69,700,113,589,,,,128.23,89.76
641,Oost-Vl,Oudenaarde,Volkegemberg,6.8,11,12,54,800,70,914,,(x),,163.85,131.08
642,Oost-Vl,Oudenaarde,Wolvenberg,6.3,14,19,50,800,81,854,,(x),,176.96,141.57
643,Liege,Ougrée,Côte du Bol d'Air,5.1,22,24,190,3700,269,32,,(x),,46.57,172.30
644,Liege,Ougrée,Petite Commune,7.9,16,22,87,1100,159,267,x,,,101.70,111.87
645,Liege,Ougrée,Thier Laly,8.7,23,25,83,950,181,174,,x,,106.60,101.27
646,Oost-Vl,Overboelare,Boelarebos,8.0,9,11,48,600,58,966,,,,184.33,110.60
647,Oost-Vl,Overboelare,Overberg,8.0,14,15,48,600,88,804,,,,184.33,110.60
648,Vl-Br,Overijse,Hengstenberg,3.9,14,18,54,1400,100,718,,x,,163.85,229.39
649,Vl-Br,Overijse,Kardaan,13.3,24,25,30,225,91,786,,x,,294.93,66.36
650,Vl-Br,Overijse,Moskesstraat,8.9,16,17,49,550,96,744,,x,,180.57,99.31
651,Vl-Br,Overijse,Speelberg,10.5,18,19,34,325,91,787,,,,260.24,84.58
652,Vl-Br,Overijse,Terspout,13.2,16,18,33,250,80,861,,,,268.12,67.03
653,Namur,Patignies,Côte de Patignies,5.0,12,17,110,2200,95,752,,,,80.44,176.96
654,Hainaut,Pâturages,Rue à Paniers,9.3,14,18,37,400,65,941,,,,239.14,95.65
655,Hainaut,Pâturages,Tienne du Dragon,13.6,16,20,34,250,107,646,,x,,260.24,65.06
656,Hainaut,Pâturages,Tierne Carion,7.3,12,14,44,600,60,959,,,,201.09,120.65
657,Liege,Pepinster,Côte de Chêne,7.8,13,18,78,1000,101,709,,,,113.44,113.44
658,Liege,Pepinster,Côte de Chinheid,10.1,15,17,86,850,139,392,,,,102.88,87.45
659,Liege,Pepinster,Côte de Cornesse,9.4,13,15,137,1450,199,125,,,,64.58,93.65
660,Liege,Pepinster,Côte de Drolenval,11.3,15,20,135,1200,231,62,,,,65.54,78.65
661,Liege,Pepinster,Le Nid d'Aguesses,8.6,18,20,155,1800,297,15,,x,,57.08,102.75
662,Liege,Pepinster,La Saute,9.2,14,16,92,1000,142,370,x,,,96.17,96.17
663,Liege,Pepinster,Côte de Tancrémont,5.3,7,7,159,3000,116,570,,,x,55.65,166.94
664,Namur,Pessoux,L'Étoile,5.3,10,11,85,1600,94,762,,,,104.09,166.55
665,Namur,Pétigny,La Croix des Cheniats,7.0,12,14,140,2000,167,232,,,,63.20,126.40
666,Namur,Pétigny,Les Monts,6.1,11,12,61,1000,76,887,,,,145.05,145.05
667,Liege,Petit-Rechain,Thier d'Hodimont,5.7,9,10,120,2100,130,471,,,,73.73,154.84
668,Luxemburg,Petit-Thier,Côte de Petit-Thier,7.1,12,13,132,1850,142,371,,,,67.03,124.01
669,Brabant wallon,Piétrebais,Sur les Tiennes,5.9,15,18,47,800,87,816,,,,188.26,150.60
670,Liege,Polleur,Côte de Sassor,4.6,9,9,132,2800,117,561,,,,67.03,187.68
671,Hainaut,Pont-de-Loup,Rue de la Pairelle,5.9,11,12,77,1300,80,862,,,,114.91,149.38
672,Liege,Poulseur,Côte de Sart,6.7,13,14,168,2500,180,177,x,,,52.67,131.67
673,Namur,Presgaux,Côte du Grand Pont,5.3,6,7,95,1800,70,915,,,,93.14,167.65
674,Namur,Purnode,La Goëtte,4.7,15,18,135,2900,146,343,x,x,,65.54,190.07
675,Liege,Queue-du-Bois,Côte de Bellaire,5.7,12,13,159,2800,164,247,,,,55.65,155.81
676,Liege,Queue-du-Bois,Côte des Heids,10.6,16,17,85,800,152,312,,,,104.09,83.28
677,Luxemburg,Rachecourt,Côte du Trou du Beau Bois,6.9,10,11,62,900,70,916,,,,142.71,128.44
678,Liege,Rahier,Côte de Xhierfomont,5.7,8,8,170,3000,140,383,,,x,52.05,156.14
679,Liege,Ramet,Côte du Fays,7.2,12,13,115,1600,125,509,,,,76.94,123.10
680,Liege,Ramet,Route de France,5.2,7,7,160,3100,115,573,,,x,55.30,171.43
681,Liege,Ramet,La Haute-Rochette,7.0,13,16,116,1650,146,344,,,,76.28,125.86
682,Liege,Ramet,Route Napoléon,8.3,14,16,91,1100,132,448,x,,,97.23,106.95
683,Liege,Recht,Steigung von Feckelsborn,6.4,9,10,148,2300,145,349,,,,59.78,137.50
684,Liege,Recht,In der Grof,10.7,13,14,80,750,128,488,x,,,110.60,82.95
685,Luxemburg,Redu,Le Ry des Glands,5.1,6,7,210,4100,143,362,,,x,42.13,172.75
686,Luxemburg,Redu,Le Tournant des Tchaurs,8.4,10,12,92,1100,110,620,,,,96.17,105.79
687,Luxemburg,Remagne,Route de Tillet,5.1,10,12,72,1400,71,909,,,,122.89,172.04
688,Limburg,Remersdaal,Helling van Zinnick,5.2,8,9,94,1800,78,879,,,x,94.13,169.43
689,Luxemburg,Rendeux,Côte de Chaieneu,8.7,15,17,104,1200,174,200,,,,85.08,102.09
690,Luxemburg,Rendeux,Côte de la Noblesse,7.2,16,18,93,1300,141,374,,,,95.14,123.68
691,Luxemburg,Rendeux,Thier des Laids Prés,7.9,14,16,107,1350,150,324,,,,82.69,111.63
692,Luxemburg,Rendeux,Côte de Waharday-Nord-Est,4.9,12,14,157,3200,164,248,,,,56.36,180.34
693,Luxemburg,Rendeux,Côte de Waharday-Sud,6.3,12,12,114,1800,135,424,,,,77.61,139.71
694,Luxemburg,Resteigne,Chemin du Bois,6.4,10,10,173,2700,171,215,,,,51.14,138.09
695,Liege,Reuland,Alerberg,8.4,15,17,151,1800,232,56,,,,58.60,105.47
696,Liege,Reuland,Hiereberg,8.2,13,15,156,1900,202,115,,,,56.72,107.76
697,Liege,Reuland,Klöppelsheck,10.1,15,18,141,1400,217,85,,,,62.75,87.85
698,Liege,Reuland,Ourberg,6.2,14,16,136,2200,184,164,,,,65.06,143.13
699,Liege,Reuland,Steigung von Ouren,7.5,15,19,172,2300,259,41,,,,51.44,118.32
700,Liege,Reuland,Steigung von Reuland,10.9,16,18,120,1100,203,112,,,,73.73,81.11
701,Liege,Reuland,Steinkopf-Nord,6.6,12,15,145,2200,172,207,,,,61.02,134.25
702,Liege,Reuland,Steinkopf-West,7.1,13,14,141,2000,212,98,,,,62.75,125.50
703,Namur,Rienne,Tienne du Long Pré,6.1,9,10,119,1950,103,686,,,x,74.35,144.99
704,Namur,Rivière,Mur des Sept Meuses-Est,10.1,16,20,171,1700,291,17,x,,,51.74,87.96
705,Namur,Rivière,Côte des Sept Meuses-Nord,6.4,10,12,160,2500,163,253,x,,,55.30,138.25
706,Luxemburg,Robelmont,Côte de Robelmont,4.4,11,12,110,2500,121,540,,,,80.44,201.09
707,Liege,Robertville,Côte d'Ovifat,5.7,9,10,130,2300,124,520,,,,68.06,156.54
708,Namur,Rochefort,La Martinette,6.4,9,10,96,1500,100,719,,,,92.17,138.25
709,Namur,Rochefort,Sur Sohère,4.8,10,14,120,2500,113,594,,,,73.73,184.33
710,Namur,Rochefort,Thier Falises,7.3,12,14,102,1400,122,533,,,,86.75,121.44
711,Luxemburg,Rochehaut,Côte de Rochehaut I,4.5,6,7,230,5100,146,345,,,x,38.47,196.19
712,Luxemburg,Rochehaut,Côte de Rochehaut II,4.4,18,20,230,5200,226,65,,,,38.47,200.04
713,Liege,Rocherath,Steigung von Krinkelt,6.4,10,11,58,900,61,952,,,,152.55,137.30
714,Hainaut,Roisin,Côte du Caillou qui bique,4.8,8,9,62,1300,65,942,,,,142.71,185.52
715,Hainaut,Roisin,Côte de Meaurain,5.4,9,10,59,1100,107,647,,x,,149.97,164.96
716,Liege,Romsée,Rue Adolphe Dumont,7.6,11,11,175,2300,200,122,,,,50.56,116.29
717,Liege,Romsée,Côte du Bois de Beyne,6.2,18,22,168,2700,279,26,,,,52.67,142.20
718,Liege,Romsée,Côte de Bouny,5.3,11,14,171,3200,165,244,,,,51.74,165.58
719,Liege,Romsée,La Haie des Loups,8.2,18,21,173,2100,271,31,,,,51.14,107.40
720,Liege,Romsée,Côte de Romsée,4.1,6,6,156,3800,101,710,,,,56.72,215.53
721,Liege,Romsée,Thier des Gottes,10.2,16,18,61,600,107,648,,,,145.05,87.03
722,Hainaut,Ronquières,Charly-des-Bois,6.1,11,12,92,1500,109,627,,,,96.17,144.26
723,Hainaut,Ronquières,Côte de Combreuil,7.6,14,16,38,500,73,901,,,,232.84,116.42
724,Hainaut,Ronquières,Côte de Henripont,4.9,11,12,59,1200,58,967,,,,149.97,179.96
725,Hainaut,Ronquières,Mon Idée,5.2,10,11,78,1500,88,805,,,,113.44,170.15
726,Oost-Vl,Ronse,Fortuinberg/Kanarieberg,7.4,13,18,81,1100,104,683,,,,109.23,120.16
727,Oost-Vl,Ronse,Groeneweg,4.4,11,13,87,2000,102,697,,x,,101.70,203.40
728,Oost-Vl,Ronse,Kruisberg,4.8,8,9,87,1800,67,935,,,,101.70,183.06
729,Oost-Vl,Ronse,Spinessenberg/Fiertelmeers,12.0,16,17,60,500,118,558,,,,147.47,73.73
730,Oost-Vl,Ronse,Spinessenberg/Kapellestraat,5.8,11,13,73,1250,93,774,,,,121.21,151.51
731,Vl-Br,Roosdaal,Puttenberg [Ledeberg],5.1,11,12,41,600,58,968,,x,,215.80,129.48
732,Vl-Br,Roosdaal,Tuitenberg,7.1,12,15,50,700,79,873,,,,176.96,123.87
733,Brabant wallon,Rosières,Côte du Lac de Genval,8.4,13,14,42,500,88,806,,x,,210.67,105.33
734,Brabant wallon,Rosières,Rue du Moulin,9.3,13,15,44,475,87,817,x,x,,201.09,95.52
735,Liege,Rouvreux,Côte de Florzé,5.6,8,8,180,3200,137,403,,,x,49.16,157.30
736,Liege,Rouvreux,Côte de Gotale,6.9,11,13,180,2600,184,165,,,,49.16,127.80
737,Liege,Rouvreux,Le Ravin de Nierbonchera,7.2,11,13,180,2500,185,159,,,,49.16,122.89
738,Luxemburg,Roy,Côte de Charneux,5.2,12,15,110,2100,123,529,,,,80.44,168.92
739,Luxemburg,Roy,Côte de Grimbiémont,7.7,14,18,85,1100,129,482,,,,104.09,114.50
740,Luxemburg,Roy,Côte de Nolaumont,4.0,7,8,137,3400,92,780,,,x,64.58,219.59
741,Luxemburg,Roy,Côte du Zéro,3.7,9,10,130,3500,129,483,x,x,,68.06,238.22
742,Luxemburg,Ruette,Côte du Bois de la Core,6.9,15,18,138,2000,221,75,x,x,,64.12,128.23
743,Luxemburg,Ruette,Côte de Borgne Trou,5.3,6,6,126,2400,90,793,,,x,70.22,168.53
744,Luxemburg,Ruette,Le Mont Magin,11.9,16,17,89,750,166,238,x,,,99.42,74.56
745,Hainaut,Saint-Denis-lez-Mons,La Haute Folie,7.1,10,10,57,800,66,939,,,,155.23,124.18
746,Hainaut,Saint-Denis-lez-Mons,Côte de Saint-Denis,6.5,11,13,39,600,49,991,,,,226.87,136.12
747,Liege,Saint-Georges-sur-Meuse,Côte de Stockay,6.5,13,16,128,1950,139,393,,,,69.13,134.79
748,Liege,Saint-Georges-sur-Meuse,Thier Riga,9.0,20,22,126,1400,208,103,,,,70.22,98.31
749,Luxemburg,Saint-Hubert,Côte d'Arville,3.5,10,12,215,6100,181,175,,,,41.15,251.04
750,Luxemburg,Saint-Hubert,La Blanche Fagne,5.4,18,20,161,3000,206,107,,,,54.96,164.87
751,Luxemburg,Saint-Hubert,Côte du Cheval de Bois,7.1,15,16,227,3200,287,20,,,,38.98,124.73
752,Luxemburg,Saint-Hubert,Côte Fourneau Saint-Michel,6.7,13,14,227,3400,266,35,,,,38.98,132.53
753,Luxemburg,Saint-Hubert,Côte de Hurtebise,3.9,9,11,172,4400,134,433,,,,51.44,226.34
754,Namur,Saint-Marc,Vieille Montagne,5.3,13,15,90,1700,103,687,,,,98.31,167.13
755,Luxemburg,Saint-Mard,Côte de la Cambuse,5.4,10,10,185,3400,183,168,,,,47.83,162.61
756,Liege,Saint-Nicolas,Rue Baltus,9.4,17,22,75,800,135,425,,,,117.97,94.38
757,Liege,Saint-Nicolas,Rue Bordelais,7.6,11,13,106,1400,127,494,,,,83.47,116.86
758,Liege,Saint-Nicolas,Rue Lhoneux,9.2,15,15,83,900,130,461,,,,106.60,95.94
759,Hainaut,Saint-Sauveur,Beau-Site-Nord-Ouest,8.4,12,13,84,1000,109,628,,,,105.33,105.33
760,Hainaut,Saint-Sauveur,Beau-Site-Sud-Ouest,7.8,16,17,93,1200,159,268,,x,,95.14,114.17
761,Hainaut,Saint-Sauveur,La Croisette,5.2,8,8,90,1750,70,917,,,,98.31,172.04
762,Hainaut,Saint-Sauveur,Le Grinquier-Ouest,4.6,10,11,83,1800,70,918,,,,106.60,191.88
763,Luxemburg,Samrée,Côte de Bérismenil,6.4,8,9,216,3400,187,148,,,x,40.96,139.27
764,Luxemburg,Samrée,Côte de Dochamps-Est,4.3,9,11,124,2900,90,794,,,,71.35,206.93
765,Luxemburg,Samrée,Côte de Samrée,4.2,8,10,326,7700,200,123,,,x,27.14,208.99
766,Liege,Sart,Les Bansions-Est,6.0,12,13,150,2500,144,350,,,,58.99,147.47
767,Liege,Sart,Les Bansions-Ouest,6.0,15,19,150,2500,178,188,,,,58.99,147.47
768,Liege,Sart,Côte de Cokaifagne,5.0,8,8,211,4200,154,297,,,x,41.93,176.12
769,Liege,Sart,Côte de Neufmarteau,4.8,7,7,152,3200,100,720,,,x,58.21,186.27
770,Liege,Sart,Côte de Solwaster,5.8,10,11,101,1750,107,649,,,,87.60,153.31
771,Liege,Sart,Côte de Tiège,4.6,7,7,120,2600,93,775,,,x,73.73,191.71
772,Namur,Sart-Custinne,Côte de Sart-Custinne,4.4,6,6,149,3400,94,763,,,x,59.38,201.90
773,Namur,Sautour,Côte du Bois de Sautour,6.3,9,11,60,950,70,919,,,,147.47,140.09
774,Liege,Schoenberg,Steigung von Amelscheid,7.3,16,21,102,1400,162,257,,,,86.75,121.44
775,Liege,Schoenberg,Steigung von Eimerscheid,4.5,9,11,134,3000,124,521,,,,66.03,198.09
776,Liege,Schoenberg,Ourberg,7.5,9,11,90,1200,102,698,,,x,98.31,117.97
777,Oost-Vl,Schorisse,Berg Ten Houtte,6.3,12,18,69,1100,83,841,,,,128.23,141.06
778,Namur,Sclayn,Route des Chômeurs,7.2,14,15,86,1200,115,574,,,,102.88,123.46
779,Namur,Sclayn,Tienne aux Grives,9.6,21,30,86,900,179,183,,x,,102.88,92.60
780,Namur,Scy,Ribeaufontaine,7.3,12,13,88,1200,120,548,,,,100.55,120.65
781,Namur,Seilles,La Rochette du Nouveau Monde,20.5,21,27,41,200,154,298,,,,215.80,43.16
782,Luxemburg,Sélange,Chapelle N.-D. de Lösbrück,5.6,12,15,87,1550,113,595,,,,101.70,157.64
783,Hainaut,Séloignes,Côte des Queuwettes,6.0,10,11,48,800,54,978,,,,184.33,147.47
784,Hainaut,Seneffe,Le Sart des Roquettes,3.9,10,11,39,1000,43,999,,,,226.87,226.87
785,Luxemburg,Septon,Côte de Petite-Somme,9.4,13,14,117,1250,193,136,,,,75.62,94.53
786,Luxemburg,Septon,Côte de Septon,5.0,11,12,105,2100,113,596,,x,,84.27,176.96
787,Liege,Seraing,Les Airelles,11.0,17,20,99,900,182,137,,x,,89.37,80.44
788,Namur,Serinchamps,Les Basses,4.7,11,12,128,2700,144,357,,,,69.13,186.64
789,Namur,Silenrieux,Côte de Silenrieux,7.2,9,10,72,1000,79,874,,,,122.89,122.89
790,Hainaut,Silly,Côte de Boucquemont,5.8,10,13,35,600,50,987,,,,252.80,151.68
791,Oost-Vl,Sint-Denijs-Boekel,Molenberg,7.0,12,17,35,500,82,845,,(x),,252.80,126.40
792,Oost-Vl,Sint-Maria-Oudenhove,Berendries,7.2,12,14,65,900,81,855,,,,136.12,122.51
793,Limburg,Sint-Martens-Voeren,Op de Eiken,4.8,9,10,95,2000,91,788,,,,93.14,186.27
794,Limburg,Sint-Martens-Voeren,Helling van Planck,5.8,9,10,92,1600,85,830,,,x,96.17,153.88
795,Luxemburg,Smuid,Côte de Smuid,5.1,10,14,122,2400,138,398,,,,72.52,174.06
796,Liege,Soheit-Tinlot,Le Thier de Scry,9.1,12,13,50,550,76,888,,,,176.96,97.33
797,Liege,Soiron,Côte de Hézée,8.0,14,17,72,900,101,711,,,,122.89,110.60
798,Hainaut,Solré-Saint-Géry,Côte du Pont Crotté,5.0,10,11,80,1600,81,856,,,,110.60,176.96
799,Namur,Somme-Leuze,Sur les Tiennes,7.6,16,18,91,1200,161,261,,,,97.23,116.68
800,Namur,Sorinne-la-Longue,Côte de Sorinne,7.7,11,16,85,1100,95,753,,,,104.09,114.50
801,Namur,Sosoye,Rue des Laidmonts,9.4,14,17,47,500,80,863,,,,188.26,94.13
802,Liege,Sougné-Remouchamps,Presseux Rux,6.4,12,13,154,2400,157,280,,,,57.45,137.89
803,Liege,Sougné-Remouchamps,Côte de la Redoute,9.8,17,20,161,1650,249,45,,,,54.96,90.68
804,Liege,Sougné-Remouchamps,Sur le Thier,9.7,19,26,107,1100,218,81,,,,82.69,90.96
805,Namur,Soulme,Les Strépys,5.8,11,12,156,2700,153,306,,,,56.72,153.14
806,Namur,Soumoy,Côte de Soumoy,6.1,9,10,67,1100,70,920,,,,132.06,145.27
807,Luxemburg,Soy,Côte de Soy-Ouest,5.2,8,8,178,3400,155,290,,,,49.71,169.01
808,Luxemburg,Soy,Côte de Soy-Sud,6.5,10,11,142,2200,155,291,,,,62.31,137.08
809,Liege,Spa,Côte d'Annette et Lubin,11.1,14,16,94,850,157,281,,,,94.13,80.01
810,Liege,Spa,Côte de Creppe,5.4,10,10,134,2500,117,562,,,,66.03,165.07
811,Liege,Spa,Rue du Jeu de Paume,16.3,18,21,65,400,172,208,(x),,,136.12,54.45
812,Liege,Spa,Malchamps,6.0,9,10,316,5300,265,36,,,x,28.00,148.40
813,Liege,Spa,Chemin des Moutons,5.4,14,16,166,3100,220,78,,x,,53.30,165.23
814,Liege,Spa,Côte du Rosier-Nord I,5.5,10,11,310,5600,274,28,,,x,28.54,159.83
815,Liege,Spa,Côte du Rosier-Nord II,4.6,7,8,312,6800,222,71,,,x,28.36,192.84
816,Liege,Spa,Côte de Winamplanche,7.3,12,13,131,1800,157,282,,,,67.54,121.58
817,Namur,Spontin,Côte du Château de Spontin,7.6,11,12,76,1000,106,662,,,,116.42,116.42
818,Namur,Spontin,Côte de Vincon,7.1,12,13,78,1100,128,489,,,,113.44,124.78
819,Liege,Sprimont,Côte du Hornay,6.3,7,8,69,1100,61,953,,,x,128.23,141.06
820,Liege,Sprimont,Côte de Lincé,4.3,10,11,179,4200,131,462,,,x,49.43,207.61
821,Namur,Spy,Côte du Hordin,6.3,9,10,100,1600,92,781,,,x,88.48,141.57
822,Namur,Spy,Côte de Moustier,5.7,12,14,96,1700,118,559,,,,92.17,156.68
823,Liege,Stavelot,Côte d'Amermont,5.5,16,21,199,3600,264,38,,,,44.46,160.06
824,Liege,Stavelot,La Bergerie,9.3,17,21,175,1900,263,39,x,(x),,50.56,96.06
825,Liege,Stavelot,Côte de Binsta,5.6,10,12,100,1800,103,688,,,,88.48,159.26
826,Liege,Stavelot,Côte du Château,6.3,11,12,207,3300,247,46,x,(x),,42.74,141.06
827,Liege,Stavelot,La Haute Levée,5.6,11,12,202,3600,201,119,,,,43.80,157.69
828,Liege,Stavelot,Chemin Renardmont,9.5,17,19,185,1950,309,10,x,,,47.83,93.26
829,Liege,Stavelot,Côte de Renardmont,7.6,15,17,159,2100,224,67,,(x),,55.65,116.86
830,Liege,Stavelot,Côte de Rivage,6.2,16,20,155,2500,188,145,,,,57.08,142.71
831,Liege,Stavelot,Côte de Somagne,6.5,13,15,227,3500,286,21,,(x),,38.98,136.42
832,Liege,Stavelot,Sur le Stockeu,9.9,17,21,227,2300,340,3,,,,38.98,89.65
833,Liege,Stavelot,Thier de Coo,8.5,15,17,221,2600,322,5,,,,40.04,104.09
834,Liege,Stavelot,Côte de Wavreumont,5.1,11,12,122,2400,132,449,,,,72.52,174.06
835,Liege,Stembert,Rue de la Nouvelle Montagne,7.9,12,13,111,1400,144,358,,,,79.71,111.60
836,Liege,Stoumont,La Vecquée,5.3,15,17,330,6200,282,24,,,x,26.81,166.24
837,Hainaut,Stépy-Bracquegnies,Rue Boraine,16.7,20,24,25,150,78,880,(x),,,353.92,53.09
838,Hainaut,Stépy-Bracquegnies,Le Ravin Madelon,4.4,13,16,57,1300,60,960,,,,155.23,201.80
839,Namur,Sugny,Côte de Bohan-Sud,5.5,9,11,213,3900,172,209,,,x,41.54,162.01
840,Namur,Surice,Le Wez de Chine,6.2,9,10,68,1100,73,902,,,,130.12,143.13
841,Limburg,s-Gravenvoeren,Helling van Altembroeck,8.8,12,14,79,900,112,608,(x),,,112.00,100.80
842,Luxemburg,Tavigny,Côte de Cetturu,5.3,7,8,111,2100,83,842,,,x,79.71,167.39
843,Luxemburg,Tellin,Les Alwins,8.1,15,18,114,1400,185,160,,,,77.61,108.66
844,Luxemburg,Tellin,Côte de la Croix-Javalle,6.5,11,12,124,1900,155,292,,,,71.35,135.57
845,Namur,Temploux,Côte du Fayi,7.0,14,16,70,1000,117,563,,,,126.40,126.40
846,Luxemburg,Tenneville,La Barrière Mathieu,3.8,12,14,152,4000,127,495,,,,58.21,232.84
847,Limburg,Teuven,Kasteelstraat,6.2,10,14,80,1300,87,818,,,,110.60,143.78
848,Liege,Theux,Côte de Becco,5.4,7,8,151,2800,113,597,,,x,58.60,164.07
849,Liege,Theux,Jevoumont,6.3,10,11,120,1900,136,414,,,,73.73,140.09
850,Liege,Theux,Mont Theux,5.3,10,11,155,2900,185,161,,,,57.08,165.54
851,Liege,Theux,Rue Nouveau Monde,6.2,16,17,168,2700,186,153,,,,52.67,142.20
852,Liege,Theux,Côte d'Oneux,5.3,9,10,168,3200,151,320,,,,52.67,168.53
853,Liege,Theux,Chemin de Pierreuchamps,8.2,12,14,131,1600,157,283,,x,,67.54,108.07
854,Liege,Theux,Devant Staneux,6.9,15,17,185,2700,244,48,,,,47.83,129.13
855,Liege,Theux,Le Thier May,5.8,11,15,167,2900,180,178,,,,52.98,153.65
856,Hainaut,Thieu,Côte de la Croix-Martin,4.1,8,11,66,1600,53,985,,,,134.06,214.50
857,Liege,Thimister,Côte de Stockis,6.0,11,12,96,1600,98,731,,,,92.17,147.47
858,Liege,Thimister,Côte de Thimister,5.8,8,10,93,1600,85,831,,,x,95.14,152.22
859,Liege,Thommen,Espelerberg,5.1,10,11,107,2100,94,764,,,,82.69,173.65
860,Liege,Thommen,Maspelt-Nord,6.3,12,14,132,2100,141,375,,,,67.03,140.76
861,Liege,Thommen,Maspelt-Süd,8.9,15,17,98,1100,157,284,,,,90.29,99.31
862,Liege,Thommen,Thommerberg,6.9,12,14,103,1500,125,510,,,,85.90,128.85
863,Namur,Thon,Trou Perdu,10.7,15,16,64,600,122,534,,,,138.25,82.95
864,Hainaut,Thuin,Mur de Thuin,9.4,13,15,47,500,100,721,,,,188.26,94.13
865,Hainaut,Thuin,Tienne à Pîres,11.8,16,19,47,400,127,496,,(x),,188.26,75.30
866,Vl-Br,Tielt-Winge,Alsberg,4.7,8,12,52,1100,46,995,,,,170.15,187.17
867,Liege,Tihange,Chemin du Chera,4.8,11,11,171,3600,166,239,,,,51.74,186.27
868,Liege,Tihange,Les Golettes I,7.7,13,15,100,1300,140,384,x,,,88.48,115.02
869,Liege,Tihange,Les Golettes II,7.1,15,18,99,1400,141,376,x,,,89.37,125.12
870,Liege,Tihange,Les Neuf Bonniers,5.5,8,9,153,2800,130,472,,,,57.83,161.92
871,Liege,Tilff,Côte de Cortil,6.2,8,10,186,3000,161,262,,,x,47.57,142.71
872,Liege,Tilff,Côte de Limoges,15.0,18,25,75,500,182,173,,,,117.97,58.99
873,Liege,Tilleur,Vieux-Thier de Tilleur,11.9,18,19,95,800,228,63,,x,,93.14,74.51
874,Luxemburg,Tintange,Im Dal,6.9,12,13,96,1400,127,497,,,,92.17,129.03
875,Luxemburg,Tintange,Côte de Tintange-Nord,6.6,12,12,92,1400,113,598,,,,96.17,134.64
876,Luxemburg,Tintange,Côte de Tintange-Sud,6.5,10,11,107,1650,108,637,,,,82.69,136.44
877,Luxemburg,Tintange,Côte de Tintange-Sud-Ouest,7.5,13,14,79,1050,93,776,,,,112.00,117.60
878,Luxemburg,Tohogne,Les Kimones,6.7,8,10,128,1900,121,541,,,x,69.13,131.34
879,Luxemburg,Tohogne,Côte de Verlaine-sur-Ourthe,6.1,10,13,98,1600,105,672,,,,90.29,144.46
880,Luxemburg,Tohogne,Côte de Warre,5.3,7,9,122,2300,95,754,,,x,72.52,166.81
881,Luxemburg,Torgny,Côte de Torgny,9.3,14,15,102,1100,166,240,,,,86.75,95.42
882,Namur,Treignes,Côte de Matignolles,7.8,12,13,98,1250,114,587,,,,90.29,112.86
883,Namur,Treignes,Rue de la Prelle,8.0,13,14,176,2200,232,57,,,,50.27,110.60
884,Liege,Trembleur,Chemin de Favechamps,8.9,13,15,67,750,100,722,x,,,132.06,99.04
885,Hainaut,Trivières,Tienne Mayette-Sud-Ouest,3.4,9,12,48,1400,67,936,,,,184.33,258.07
886,Liege,Trois-Ponts,Côte de Brume-Est I,7.1,12,13,212,3000,218,82,,,,41.74,125.21
887,Liege,Trois-Ponts,Côte de Brume-Est II,8.3,14,20,217,2600,283,22,,,,40.77,106.01
888,Liege,Trois-Ponts,Côte de Brume-Sud,7.9,14,15,135,1700,188,146,,,,65.54,111.42
889,Liege,Trooz,Rue de Beaufays,5.2,12,13,191,3700,176,196,,,,46.32,171.40
890,Liege,Trooz,Côte de Foret,5.5,7,10,170,3100,135,426,,,x,52.05,161.35
891,Brabant wallon,Tubize,L'Egypte,8.3,14,16,50,600,97,739,,,,176.96,106.18
892,Brussel,Uccle,Côte de l'observatoire,6.9,8,9,59,850,59,962,,,,149.97,127.47
893,Namur,Les-Chimay-Vaulx,Côte du Curé,6.4,13,14,51,800,70,921,,,,173.49,138.79
894,Liege,Vaux-Sous-Chèvremont,Le Chaud Thier,6.8,13,18,99,1400,128,490,,,,89.37,125.12
895,Liege,Vaux-Sous-Chèvremont,La Haute Folie,12.7,17,23,114,900,222,72,,,,77.61,69.85
896,Luxemburg,Vaux-sur-Sûre,Côte de Beulet,9.9,13,14,74,750,114,588,x,,,119.57,89.68
897,Luxemburg,Vaux-sur-Sûre,Côte de Sûre,6.8,11,12,51,750,67,937,,,,173.49,130.12
898,Namur,Vedrin,Côte du Pelé-Cul,4.3,14,16,86,2000,107,650,,,,102.88,205.77
899,Vl-Br,Veltem-Beisem,Toverberg,4.2,9,10,46,1100,57,975,,x,,192.35,211.58
900,Namur,Vencimont,Rue de Vonêche,5.3,7,9,133,2500,105,673,,,x,66.53,166.32
901,Namur,Vezin,Bâty des Monts,6.9,16,18,69,1000,107,651,,,,128.23,128.23
902,Namur,Vezin,Rue aux Pierres,7.4,15,16,67,900,104,629,,,,132.06,118.85
903,Namur,Vezin,Côte de Vezin,5.9,9,10,135,2300,134,434,,,,65.54,150.74
904,Luxemburg,Vielsalm,Côte de Neuville,4.4,8,9,159,3600,139,394,,,,55.65,200.33
905,Luxemburg,Vielsalm,Côte de Provedroux,4.0,8,8,132,3300,100,723,,,,67.03,221.20
906,Liege,Vierset-Barse,Côte de Facqueval,5.0,9,11,111,2200,105,674,,,,79.71,175.37
907,Liege,Vierset-Barse,Hégereuse,7.0,17,20,74,1050,121,542,,(x),,119.57,125.55
908,Liege,Vierset-Barse,Les Maltrixhes,9.4,13,14,75,800,124,522,,,,117.97,94.38
909,Liege,Vierset-Barse,Haie de Barse,7.3,13,15,124,1700,143,363,,,,71.35,121.30
910,Namur,Vierves-sur-Virion,Chemin du Paradis,6.8,16,20,122,1800,216,89,,x,,72.52,130.54
911,Namur,Vierves-sur-Virion,La Rouge Croix,4.1,11,15,122,3000,102,699,,,,72.52,217.57
912,Hainaut,Viesville,Les Grands Sarts,8.2,14,18,41,500,68,930,,,,215.80,107.90
913,Liege,Vieuxville,Côte de Sy,7.3,17,22,117,1600,154,299,,,,75.62,121.00
914,Luxemburg,Villance,Côte du Bois de Roumont,4.2,10,12,125,3000,96,745,,,,70.78,212.35
915,Luxemburg,Villance,Tienne de l'Hesse,3.3,8,9,149,4500,106,663,,,x,59.38,267.22
916,Liege,Villers-aux-Tours,Côte du Ry d'Oneux,4.7,7,9,146,3100,101,712,,,x,60.60,187.87
917,Luxemburg,Villers-dev-Orval,La Jaquette,6.7,8,9,87,1300,85,832,,,x,101.70,132.21
918,Luxemburg,Villers-la-Bonne-Eau,La Betlange,7.5,17,20,60,800,105,675,,,,147.47,117.97
919,Luxemburg,Villers-la-Bonne-Eau,Poteau de Livarchamps,5.9,10,11,94,1600,99,727,,,,94.13,150.60
920,Luxemburg,Villers-la-Bonne-Eau,Côte de Lutremange,6.1,13,17,101,1650,136,415,,,,87.60,144.55
921,Brabant wallon,Villers-la-Ville,Côte de Froide Bise,4.8,14,18,58,1200,85,833,,(x),,152.55,183.06
922,Liege,Villers-le-Bouillet,Côte du Bois-Grumsel,6.4,14,14,89,1400,102,700,,,,99.42,139.18
923,Liege,Villers-le-Bouillet,Côte de Cabendes Nord-Est,6.8,16,18,89,1300,130,473,,,,99.42,129.24
924,Liege,Villers-le-Bouillet,Côte de Cabendes Sud-Est,6.6,14,14,92,1400,126,501,,,,96.17,134.64
925,Liege,Villers-le-Bouillet,Thier du Moulin,9.4,15,18,66,700,117,564,,,,134.06,93.84
926,Liege,Villers-le-Bouillet,Thier Paquay,8.9,18,21,76,850,131,463,,,,116.42,98.96
927,Liege,Villers-le-Temple,Côte de la France,6.8,8,10,143,2100,136,416,,,x,61.87,129.94
928,Luxemburg,Villers-Ste-Gertrude,La Croix du Mont,6.4,12,13,153,2400,191,139,,,,57.83,138.79
929,Hainaut,Virelles,Côte du Pont d'Arrêt,7.6,14,16,53,700,75,895,,,,166.94,116.86
930,Brabant wallon,Virginal-Samme,Mon Plaisir,4.1,12,13,87,2100,102,701,,,,101.70,213.57
931,Luxemburg,Virton,Côte de la Bouillonne,5.2,10,11,89,1700,80,864,,,,99.42,169.01
932,Hainaut,Vitrival,Le Tienne Colot,5.8,13,14,55,950,73,903,,,,160.87,152.83
933,Luxemburg,Vivy,Mogimont,4.6,6,6,155,3400,101,713,,,x,57.08,194.09
934,Vl-Br,Vollezele,Congoberg,5.4,8,8,62,1150,58,969,,,,142.71,164.12
935,Namur,Vresse-sur-Semois,Côte de Conrad,8.5,10,11,187,2200,218,83,,,x,47.32,104.09
936,Namur,Vresse-sur-Semois,Côte de Membre,5.1,6,7,199,3900,133,440,,,x,44.46,173.40
937,Luxemburg,Waha,Côte de Hédrée,8.3,13,14,116,1400,159,269,x,,,76.28,106.79
938,Luxemburg,Waha,Thier de Waha,5.6,12,15,124,2400,146,346,,,,71.35,171.25
939,Liege,Waimes,Côte d'Arimont,4.9,9,10,169,3500,168,224,,,,52.36,183.24
940,Liege,Waimes,Côte de Chôdes,3.9,8,9,213,5400,154,300,,,x,41.54,224.32
941,Liege,Waimes,Côte de Géromont,4.4,6,7,175,4000,120,549,,,x,50.56,202.24
942,Namur,Walcourt,Le Domaine de Pumont,8.0,13,14,64,800,103,689,x,,,138.25,110.60
943,Namur,Wancennes,Côte de Wancennnes,5.7,12,13,132,2300,153,307,x,,,67.03,154.17
944,Liege,Wandre,Côte du Bois-la-Dame,7.9,13,17,107,1350,145,351,,,,82.69,111.63
945,Liege,Wandre,Rue Tesny,12.0,16,22,120,1000,223,69,,,,73.73,73.73
946,Liege,Wandre,Côte de Xhavée,11.0,17,22,110,1000,189,143,,,,80.44,80.44
947,Liege,Wanne,Côte d'Aisomont,5.1,7,7,229,4500,177,190,,(x),x,38.64,173.87
948,Liege,Wanne,Les Hézalles,5.7,16,23,229,4000,305,12,,,,38.64,154.55
949,Liege,Wanne,Côte de la Neuville,7.8,12,13,195,2500,236,54,,,,45.37,113.44
950,Liege,Wanne,Côte de Spineux,6.3,12,13,195,3100,186,154,,,x,45.37,140.66
951,Liege,Wanne,Le tier de la Cognée,8.5,13,16,186,2200,294,16,,,,47.57,104.65
952,Liege,Wanne,Côte de Wanne,7.6,12,13,167,2200,202,116,,,,52.98,116.56
953,Liege,Wanne,Wanneranval,9.1,13,16,163,1800,217,86,,,,54.28,97.71
954,Liege,Wanne,Côte de Werhai,6.7,11,12,235,3500,282,25,,,,37.65,131.78
955,Liege,Wanze,Rue Famelette,7.3,11,12,73,1000,92,782,,,,121.21,121.21
956,Luxemburg,Wardin,Côte de l'Aloyi,7.4,10,11,67,900,76,889,,,,132.06,118.85
957,Luxemburg,Wardin,Côte de Bras I,5.7,8,9,132,2300,111,613,,,x,67.03,154.17
958,Luxemburg,Wardin,Côte de Bras II,6.8,11,13,135,2000,141,377,,,,65.54,131.08
959,Luxemburg,Wardin,Côte de Wardin,7.0,8,9,81,1150,84,838,,,x,109.23,125.62
960,Namur,Warnant,Côte de Salet,5.3,10,17,117,2200,100,724,,,,75.62,166.37
961,Hainaut,Warquignies,Les Robertsarts,5.8,13,14,46,800,68,931,,,,192.35,153.88
962,Brabant wallon,Waterloo,Promenade du Val d'Argent,6.3,15,16,50,800,79,875,,,,176.96,141.57
963,Namur,Waulsort,Le Charreau de Waulsort,8.6,13,15,103,1200,138,399,,,,85.90,103.08
964,Namur,Waulsort,Côte de Lenne-Est,6.7,10,12,133,2000,157,285,,,,66.53,133.05
965,Brabant wallon,Wavre,Drève de Stadt,9.3,16,22,42,450,80,865,,,,210.67,94.80
966,Brabant wallon,Wavre,Froidmont,10.8,14,20,27,250,68,932,,(x),,327.70,81.93
967,Brabant wallon,Wavre,Montagne du Godru,12.0,16,21,27,225,61,954,,,,327.70,73.73
968,Brabant wallon,Wavre,Chaussée d'Ottenbourg,9.0,13,14,54,500,82,846,,,,163.85,81.93
969,Brabant wallon,Wavre,Tienne Casso,14.2,16,22,39,275,108,638,,x,,226.87,62.39
970,Liege,Wegnez,Côte de Wegnez,6.0,15,17,120,2000,132,450,,,,73.73,147.47
971,Namur,Weillen,Pré des Vaux,5.9,12,13,65,1100,85,834,,,,136.12,149.74
972,Luxemburg,Wellin,Route de Sohier,6.6,8,9,159,2400,141,378,,,x,55.65,133.55
973,Luxemburg,Wellin,La Voie Fisisse,6.0,10,11,111,1850,106,664,,,,79.71,147.47
974,Namur,Wépion,Côte du Beau Vallon,4.7,7,10,160,3400,111,614,,,x,55.30,188.02
975,Namur,Wépion,Les Deux Tiennes,4.9,18,22,166,3400,280,27,,(x),,53.30,181.22
976,Namur,Wépion,Chemin des Etangs,7.8,12,13,93,1200,113,599,,,,95.14,114.17
977,Namur,Wépion,Fonds des Chênes,4.6,12,13,128,2800,130,474,,,,69.13,193.55
978,Namur,Wépion,Côte de la Pairelle,4.2,10,12,130,3100,99,746,,,,68.06,210.99
979,Namur,Wépion,Tienne aux Bruyères,5.0,11,12,130,2600,143,364,,x,,68.06,176.96
980,Namur,Wépion,Tienne aux Clochers,5.1,14,15,167,3300,207,105,,,,52.98,174.84
981,Namur,Wépion,Tienne aux Pierres,5.2,8,9,165,3200,130,475,,,x,53.62,171.60
982,Liege,Werbomont,Côte de Werbomont,4.2,6,6,191,4600,117,565,,,x,46.32,213.09
983,Luxemburg,Wéris,Le Refuge de Brocard,10.0,14,14,100,1000,147,334,x,,,88.48,88.48
984,West-Vl,Westouter,Baneberg,10.0,15,20,30,300,63,945,,,,294.93,88.48
985,West-Vl,Westouter,Rodeberg-Oost,4.8,12,13,81,1700,108,639,,,,109.23,185.70
986,West-Vl,Westouter,Vidaigneberg,4.7,9,10,80,1700,61,955,,,,110.60,188.02
987,West-Vl,Westouter,Rodeberg-West,4.4,13,16,88,2000,96,747,,,,100.55,201.09
988,Luxemburg,Wibrin,Côte de Mormont,5.1,8,10,117,2300,96,748,,,x,75.62,173.94
989,Namur,Wierde,Lambaitienne,7.6,16,22,76,1000,124,523,x,(x),,116.42,116.42
990,Hainaut,Wihéries,Côte d'Audregnies,4.8,9,10,63,1300,54,979,,,,140.44,182.58
991,Liege,Xhoris,Côte de Xhoris,4.7,12,14,221,4700,206,108,,,,40.04,188.17
992,Namur,Yves-Gomezée,Les Coulottes,7.5,13,15,56,700,79,876,,,,158.00,110.60
993,Namur,Yves-Gomezée,Les Raidons,7.9,13,15,67,850,102,702,,(x),,132.06,112.25
994,Namur,Yvoir,Côte de Bauche,5.2,6,6,140,2700,101,714,,(x),x,63.20,170.64
995,Namur,Yvoir,Côte d'Evrehailles,5.0,10,11,174,3500,132,451,,,x,50.85,177.98
996,Namur,Yvoir,La Gayolle,9.5,17,19,162,1700,265,37,,x,,54.62,92.85
997,Namur,Yvoir,Allée de Lairbois,9.3,15,17,111,1200,159,270,x,,,79.71,95.65
998,Namur,Yvoir,Mont de Houx,7.6,16,17,136,1800,180,179,,,,65.06,117.11
999,Namur,Yvoir,Côte de Niersant,9.2,13,17,129,1400,202,117,,(x),,68.59,96.02
1000,Oost-Vl,Zegelsem,Leberg,6.1,13,14,45,700,69,927,,,,196.62,137.64
